prospect_id,lead_origin,lead_source,do_not_email,total_visits,time_on_site_seconds,page_views_per_visit,occupation,city,activity_score,profile_score,converted
7927b2df-8bba-4d29-b9a2-b6e0beafe620,api,olark_chat,False,0.0000,0,0.0000,unemployed,unknown,15.0000,15.0000,0
2a272436-5132-4136-86fa-dcc88c88f482,api,organic_search,False,5.0000,674,2.5000,unemployed,unknown,15.0000,15.0000,0
8cc8c611-a219-4f35-ad23-fdfd2656bd8a,landing_page_submission,direct_traffic,False,2.0000,1532,2.0000,student,mumbai,14.0000,20.0000,1
0cc2df48-7cf4-4e39-9de9-19797f9b38cc,landing_page_submission,direct_traffic,False,1.0000,305,1.0000,unemployed,mumbai,13.0000,17.0000,0
3256f628-e534-4826-9d63-4a8b88782852,landing_page_submission,google,False,2.0000,1428,1.0000,unemployed,mumbai,15.0000,18.0000,1
2058ef08-2858-443e-a01f-a9237db2f5ce,api,olark_chat,False,0.0000,0,0.0000,unknown,unknown,17.0000,15.0000,0
9fae7df4-169d-489b-afe4-0f3d752542ed,landing_page_submission,google,False,2.0000,1640,2.0000,unemployed,mumbai,14.0000,20.0000,1
20ef72a2-fb3b-45e0-924e-551c5fa59095,api,olark_chat,False,0.0000,0,0.0000,unknown,unknown,15.0000,15.0000,0
cfa0128c-a0da-4656-9d47-0aa4e67bf690,landing_page_submission,direct_traffic,False,2.0000,71,2.0000,unknown,thane_&_outskirts,14.0000,14.0000,0
af465dfc-7204-4130-9e05-33231863c4b5,api,google,False,4.0000,58,4.0000,unknown,mumbai,13.0000,16.0000,0
2a369e35-ca95-4ca9-9e4f-9d27175aa320,landing_page_submission,organic_search,False,8.0000,1351,8.0000,unemployed,other_metro_cities,15.0000,14.0000,1
9bc8ce93-6144-49e0-9f9d-080fc980f83c,landing_page_submission,direct_traffic,False,8.0000,1343,2.6700,unemployed,thane_&_outskirts,14.0000,17.0000,1
8bf76a52-2478-476b-8618-1688e07874ad,api,organic_search,False,11.0000,1538,11.0000,unemployed,unknown,16.0000,16.0000,1
88867067-3750-4753-8d33-1c7d1db53b5e,landing_page_submission,organic_search,False,5.0000,170,5.0000,unemployed,thane_&_outskirts,14.0000,17.0000,0
a8531c22-fcf1-48f8-a711-fb5abf98ad87,landing_page_submission,direct_traffic,True,1.0000,481,1.0000,unemployed,unknown,16.0000,17.0000,0
25f4ac14-ff4b-4cd2-9c61-b44c85e19c8f,api,organic_search,False,6.0000,1012,6.0000,unemployed,unknown,14.0000,15.0000,1
3abb7c77-1634-4083-9a9f-861068220611,api,olark_chat,False,0.0000,0,0.0000,unknown,unknown,17.0000,15.0000,0
e5c3beca-a0b6-4b3f-8c01-0919fb9ca3f2,api,referral_sites,False,6.0000,973,6.0000,unemployed,unknown,13.0000,13.0000,0
82cb5fb0-2d97-4a39-a630-ab5fe2e7f18c,landing_page_submission,google,False,6.0000,1688,3.0000,unemployed,mumbai,15.0000,18.0000,1
4512c16a-e96a-4459-b9ec-c7d8fe8c4880,api,organic_search,False,3.0000,98,3.0000,unemployed,unknown,14.0000,15.0000,0
c4419c99-b002-408b-a6fd-fa100716592c,landing_page_submission,google,False,1.0000,233,1.0000,unemployed,mumbai,13.0000,17.0000,0
fd71ab5b-53b8-4105-9960-efedc44962fa,api,google,False,4.0000,377,1.3300,unemployed,unknown,15.0000,16.0000,0
8fd38b83-5c32-4277-bcfb-499f34a01c56,landing_page_submission,google,False,1.0000,1013,1.0000,unemployed,mumbai,15.0000,20.0000,1
ecbc6e69-29a9-44bf-804a-13079ef301bc,landing_page_submission,google,False,4.0000,771,4.0000,unemployed,mumbai,14.0000,18.0000,0
ecd117ca-375f-49ea-afd6-b52b84d00c69,api,google,False,6.0000,1137,1.5000,unemployed,mumbai,14.0000,18.0000,1
31c326f0-4a9b-43a6-9006-99d3830fbcae,landing_page_submission,google,False,3.0000,1068,3.0000,unemployed,mumbai,14.0000,16.0000,1
c494aca4-8c8e-4081-9784-41eb6346015e,landing_page_submission,organic_search,False,4.0000,1000,2.0000,unemployed,other_cities,11.0000,18.0000,1
6d143c0e-abae-425f-a2c0-52c2946cbd45,landing_page_submission,google,False,6.0000,1315,6.0000,unemployed,mumbai,15.0000,19.0000,1
8247051c-f838-4a41-b39c-1f0b44c3d5e6,landing_page_submission,direct_traffic,False,5.0000,182,5.0000,student,mumbai,13.0000,18.0000,0
b3455e2e-8236-478a-b1aa-666ad3381722,api,google,False,3.0000,78,3.0000,unemployed,mumbai,16.0000,18.0000,1
da8c5ce5-52b5-4a4e-bf75-e533d2aca52c,landing_page_submission,direct_traffic,False,7.0000,1174,3.5000,unemployed,mumbai,15.0000,18.0000,1
d2055a36-b268-43a0-beeb-9a715f6a660d,api,google,False,3.0000,88,1.5000,unemployed,unknown,13.0000,15.0000,0
c7d82991-3477-40ca-a616-db2d09228a55,api,referral_sites,False,4.0000,223,2.0000,unemployed,unknown,15.0000,13.0000,0
5af0914a-fa65-48e1-b11e-b44849206dc3,api,organic_search,False,3.0000,74,1.5000,unknown,unknown,12.0000,15.0000,0
bc19e116-132c-4e00-a3fa-caa1ddda2f4e,landing_page_submission,organic_search,False,4.0000,16,2.0000,unemployed,mumbai,15.0000,17.0000,1
30422ea1-36fe-465e-9e68-41ee190fefb3,api,referral_sites,False,3.0000,98,3.0000,unemployed,thane_&_outskirts,14.0000,15.0000,1
a8ecfc52-9988-498a-9a21-df747891b847,landing_page_submission,google,False,4.0000,1622,4.0000,unemployed,mumbai,12.0000,18.0000,0
e60a54bc-0816-430e-a99a-019a8b5a27e5,landing_page_submission,google,False,5.0000,563,5.0000,working_professional,mumbai,13.0000,20.0000,1
e50b7515-b5a5-4691-a450-5e28ba99b472,api,google,False,2.0000,310,2.0000,unemployed,unknown,14.0000,15.0000,0
d6686032-c65e-4495-a0f4-ba7471209356,landing_page_submission,google,False,4.0000,25,4.0000,unemployed,other_cities_of_maharashtra,14.0000,19.0000,1
daebea93-20bd-48be-b89b-85c7711ca0d7,api,direct_traffic,False,3.0000,342,3.0000,unemployed,unknown,14.0000,15.0000,0
3ec75559-60f8-46f0-9198-bd3d05c464aa,landing_page_submission,organic_search,True,7.0000,38,7.0000,unemployed,mumbai,13.0000,18.0000,0
d262e52a-b8e1-4164-b869-bb199ddf75a9,api,google,False,5.0000,199,5.0000,unemployed,unknown,14.0000,15.0000,0
abc432ac-7393-4312-b49f-c43702397416,landing_page_submission,google,False,5.0000,222,5.0000,unknown,mumbai,13.0000,18.0000,0
85195b85-b384-4745-8e50-719566f70f52,landing_page_submission,direct_traffic,False,6.0000,275,3.0000,unemployed,mumbai,10.0000,18.0000,0
fd31b6df-f961-43ba-8e81-618ce5aabfe5,landing_page_submission,google,False,4.0000,287,2.0000,unemployed,mumbai,13.0000,18.0000,0
18633077-5162-4cc6-8728-bc25f7a32fd1,landing_page_submission,direct_traffic,False,2.0000,547,2.0000,unemployed,mumbai,15.0000,20.0000,0
3f04fd93-2884-45f6-a4fc-f3b6f234554b,api,olark_chat,False,0.0000,0,0.0000,unknown,unknown,17.0000,15.0000,0
86681269-67b1-4909-90c0-216136535815,api,google,False,6.0000,1225,6.0000,unemployed,thane_&_outskirts,12.0000,15.0000,0
319325b3-50b3-45d0-b730-c9df0b30b9ea,api,olark_chat,False,0.0000,0,0.0000,unknown,unknown,17.0000,15.0000,0
2def8175-7a88-405a-a932-669cacf60230,api,olark_chat,False,0.0000,0,0.0000,unemployed,thane_&_outskirts,15.0000,16.0000,1
1f13cede-ebf7-4e65-84ee-7d76e86a9094,landing_page_submission,google,False,5.0000,160,5.0000,unemployed,mumbai,17.0000,18.0000,0
8597dacd-0b33-4b4f-ad9e-a9df020afd48,landing_page_submission,organic_search,False,6.0000,394,2.0000,unemployed,mumbai,13.0000,15.0000,0
833153b1-e44b-4260-a4cc-5ef310cc548c,api,google,False,6.0000,286,1.5000,unknown,unknown,16.0000,15.0000,0
b9984279-2d76-41e0-a5f3-e14d6ff68f20,api,organic_search,False,7.0000,96,2.3300,unknown,unknown,13.0000,15.0000,0
165a8ed0-7155-4b32-bb21-b356c51e0412,api,organic_search,False,2.0000,12,2.0000,unemployed,unknown,15.0000,15.0000,0
59e722da-edff-43d9-af61-f5c8bcc986c4,landing_page_submission,referral_sites,False,13.0000,436,13.0000,unemployed,other_metro_cities,15.0000,13.0000,1
171defdc-6c7b-4486-9a3b-527de447d2d5,api,referral_sites,False,8.0000,903,8.0000,unemployed,other_cities_of_maharashtra,16.0000,15.0000,1
d93bfdc0-4719-4f0a-ad6b-31070823dfbb,landing_page_submission,organic_search,False,17.0000,409,8.5000,unemployed,mumbai,14.0000,18.0000,0
d22bfe40-a444-4e97-b6b7-ccf40117710b,landing_page_submission,referral_sites,False,11.0000,685,5.5000,unemployed,thane_&_outskirts,11.0000,13.0000,0
b90b70b9-5e60-41a5-87da-5eb753fc3391,api,google,False,4.0000,213,4.0000,unemployed,mumbai,13.0000,16.0000,0
aa613715-ff22-429d-9fbb-92da56b827aa,api,olark_chat,False,0.0000,0,0.0000,unemployed,unknown,14.0000,15.0000,0
0327a12a-51cb-4782-a029-cc824e614833,api,organic_search,False,7.0000,1468,3.5000,unemployed,mumbai,15.0000,18.0000,1
dba70a60-f322-4372-b7d5-3d24026a4750,api,olark_chat,False,0.0000,0,0.0000,unknown,unknown,15.0000,15.0000,0
3ee81e25-e280-428d-94a8-af0178917bf5,landing_page_submission,direct_traffic,False,4.0000,1435,4.0000,working_professional,other_cities,12.0000,18.0000,1
a66b2a39-2f12-4eb4-b6e3-065d88ccf980,landing_page_submission,google,False,1.0000,157,1.0000,unemployed,other_cities_of_maharashtra,15.0000,14.0000,1
ee859f2e-a35f-4d2e-980e-8163da8ca667,api,google,False,3.0000,885,1.5000,unemployed,mumbai,15.0000,18.0000,1
34571884-9e2f-404c-bc30-d5e09309b06a,api,olark_chat,False,0.0000,0,0.0000,unemployed,other_cities_of_maharashtra,15.0000,16.0000,1
002233e4-c3d5-4a78-b64e-fa9b7fdef393,api,olark_chat,False,0.0000,0,0.0000,unemployed,unknown,12.0000,14.0000,0
991c2560-128d-4222-a4c6-5aa393c4fafa,api,olark_chat,False,0.0000,0,0.0000,unemployed,unknown,15.0000,15.0000,0
671f2615-8210-4792-abdd-a1588060cd27,landing_page_submission,direct_traffic,False,1.0000,1710,1.0000,unemployed,thane_&_outskirts,16.0000,19.0000,0
ac430bc0-d235-4f54-9c2b-3d1b7e52849e,landing_page_submission,direct_traffic,False,4.0000,219,4.0000,unemployed,mumbai,13.0000,18.0000,0
fe6dff62-8217-428b-876a-ec931f251f63,landing_page_submission,referral_sites,True,3.0000,111,3.0000,unemployed,other_metro_cities,13.0000,15.0000,0
f8497fef-9593-4bb7-898c-9f736a3b67f8,api,organic_search,False,6.0000,224,6.0000,unemployed,unknown,14.0000,15.0000,0
2cd9ea36-23d7-49c3-b255-a9361a4fa81b,landing_page_submission,direct_traffic,False,5.0000,224,1.6700,unknown,other_cities_of_maharashtra,13.0000,17.0000,0
0a943ad9-f3d5-46d7-aca0-3fdab53da0e7,landing_page_submission,direct_traffic,False,2.0000,1071,2.0000,unemployed,other_cities_of_maharashtra,12.0000,17.0000,1
a739f33a-7d4d-4c4e-9c9c-3c30e1f48940,landing_page_submission,google,False,6.0000,595,3.0000,working_professional,mumbai,14.0000,20.0000,1
895d4905-f534-4f18-915b-8d239a72b5dc,lead_add_form,welingak_website,False,0.0000,1096,0.0000,unemployed,unknown,14.0000,15.0000,1
1f9032cd-77f4-453c-b84b-edd1aea26b70,api,referral_sites,False,4.0000,520,4.0000,unemployed,mumbai,10.0000,15.0000,0
3a0ce10f-d2c1-4213-a2bc-4f97bcd29699,lead_add_form,reference,False,0.0000,705,0.0000,working_professional,thane_&_outskirts,14.0000,16.0000,1
d4d4ee0a-fea2-4680-b2ea-b24de9fcf0be,api,google,False,2.0000,393,2.0000,unemployed,unknown,14.0000,14.0000,0
277ad6a6-4565-4a18-a1ff-e46e03f22663,lead_add_form,welingak_website,False,0.0000,346,0.0000,unemployed,unknown,14.0000,15.0000,1
a9b219c8-a9c2-4d13-9a4d-46cfe4f70eeb,api,olark_chat,False,0.0000,0,0.0000,working_professional,unknown,15.0000,16.0000,1
09526992-b1fb-4763-8cca-355bc5dac5e3,api,olark_chat,False,0.0000,0,0.0000,unknown,unknown,17.0000,15.0000,0
ecbf9b02-90a1-4b16-b330-6d958dcfcdb2,landing_page_submission,google,False,3.0000,1136,3.0000,unemployed,mumbai,16.0000,15.0000,1
0ab2ba94-a0f8-4f6b-adb9-6dd94d301b6e,api,referral_sites,False,3.0000,335,3.0000,unemployed,unknown,14.0000,13.0000,0
523131a0-5e9d-4f8e-9ca7-ea9e964e5788,api,referral_sites,False,4.0000,75,4.0000,unemployed,unknown,14.0000,13.0000,0
0fc49a08-63d2-4fef-98c1-244bfd6d12a9,landing_page_submission,direct_traffic,False,6.0000,97,3.0000,unknown,mumbai,15.0000,18.0000,0
68f496c2-0073-470f-9c3c-7fb48f060ce5,lead_add_form,reference,False,0.0000,1007,0.0000,unemployed,mumbai,14.0000,20.0000,1
db6bd360-ffc9-453d-b109-b4f0cfa6749c,landing_page_submission,organic_search,False,2.0000,1085,2.0000,unemployed,other_cities_of_maharashtra,13.0000,14.0000,0
3f42389c-2201-4890-ae77-4958ae8982ad,api,organic_search,False,3.0000,214,3.0000,unemployed,unknown,15.0000,15.0000,0
e126d601-facc-4e75-b0fa-eea89ecfdea9,api,olark_chat,False,6.0000,1158,1.5000,unemployed,other_cities,15.0000,14.0000,1
72064169-4b55-4279-a9b9-340872379f12,landing_page_submission,google,False,4.0000,101,4.0000,unknown,mumbai,15.0000,18.0000,0
40e72a2f-b7bb-4a10-9c2c-45d9bedb0dde,landing_page_submission,google,False,9.0000,838,4.5000,unknown,mumbai,13.0000,15.0000,0
076801dc-eba3-4c64-b165-dda70397aa19,landing_page_submission,direct_traffic,False,3.0000,536,3.0000,unemployed,mumbai,9.0000,18.0000,0
62b4ee1c-1071-42bb-b50d-16412c2acce2,landing_page_submission,direct_traffic,False,4.0000,161,2.0000,unemployed,unknown,12.0000,17.0000,0
7f0c404f-3b2d-4d0e-b5e6-cc5bb0bab65d,landing_page_submission,google,False,2.0000,511,2.0000,unemployed,mumbai,9.0000,15.0000,0
477c8243-bd09-48f5-a170-a5aa9001ab12,api,olark_chat,False,0.0000,0,0.0000,unemployed,unknown,15.0000,15.0000,0
bc35eede-4208-461c-827e-11108a378df7,api,google,False,5.0000,1110,5.0000,working_professional,unknown,16.0000,16.0000,1
35d515d8-e851-4629-803e-492c6b576bd6,landing_page_submission,direct_traffic,False,5.0000,1563,5.0000,unemployed,mumbai,15.0000,20.0000,1
a3f6393c-fcdf-4cb4-8d29-6da3d62ae88f,api,referral_sites,False,7.0000,1633,3.5000,unemployed,unknown,14.0000,13.0000,0
5838c43b-1dad-45ec-b46a-02db261d44b6,api,olark_chat,False,0.0000,0,0.0000,unemployed,unknown,15.0000,15.0000,1
d103d8be-52e8-41aa-850a-6651f10641c6,landing_page_submission,google,False,12.0000,809,4.0000,unknown,mumbai,13.0000,18.0000,0
95f1c454-9f9a-40ef-b521-6fc791f103fb,landing_page_submission,direct_traffic,False,2.0000,638,2.0000,unemployed,mumbai,14.0000,15.0000,0
e8950460-899c-434f-9a69-3b01e3e4b94c,api,google,False,5.0000,1196,5.0000,unemployed,unknown,15.0000,15.0000,1
cf98ed96-ea4f-49cd-985e-028b7916a564,landing_page_submission,organic_search,False,6.0000,1485,6.0000,unemployed,other_cities,14.0000,16.0000,0
1c4f389a-53d9-4c8a-b4f7-7954b4053ebd,api,google,False,9.0000,125,3.0000,unknown,unknown,14.0000,15.0000,0
1cf3a8ad-24b9-4420-a87e-8fd1640174b6,api,google,False,3.0000,165,3.0000,unemployed,unknown,15.0000,15.0000,1
d5aa5934-4930-464e-8c9d-f7b2ea2cd3a3,landing_page_submission,google,False,6.0000,398,3.0000,unknown,mumbai,15.0000,15.0000,0
1b4da2e7-9a43-4f75-b5ad-ff0ec1edbf17,api,organic_search,False,3.0000,570,3.0000,unknown,unknown,13.0000,15.0000,0
2b742281-ef6f-49ad-8a44-b3a21c60b945,landing_page_submission,organic_search,False,6.0000,895,6.0000,unemployed,other_cities_of_maharashtra,14.0000,18.0000,1
67bc9f1f-53c0-49be-96f9-1d549f0a8717,landing_page_submission,google,False,4.0000,1190,4.0000,unemployed,mumbai,13.0000,18.0000,1
46c2bad4-ea26-4507-9378-c488e0c1dd11,lead_add_form,reference,False,0.0000,0,0.0000,working_professional,unknown,14.0000,19.0000,1
25b8e642-c1f1-4e49-8557-71d2c78adada,api,direct_traffic,False,5.0000,1566,5.0000,unemployed,unknown,11.0000,15.0000,0
1de92462-5b3f-401e-b84f-935bb92898f9,api,google,False,5.0000,727,5.0000,unemployed,thane_&_outskirts,14.0000,15.0000,1
cb28ce2a-61b5-4a41-aa99-b593c7d2ed81,landing_page_submission,google,False,8.0000,652,4.0000,unemployed,mumbai,13.0000,15.0000,0
bb74420f-81a3-40de-8d5c-fa5899b7daba,api,organic_search,False,4.0000,1248,1.3300,unknown,unknown,13.0000,15.0000,0
eecf3981-028f-4a83-9801-afa36545a53c,api,google,False,2.0000,767,2.0000,unemployed,unknown,15.0000,14.0000,0
cad6cccb-88a4-49bf-b4a0-9ec37e8a176c,api,referral_sites,False,10.0000,275,3.3300,unemployed,unknown,15.0000,13.0000,0
5f3d729d-de5a-4056-843e-42d23c973b65,api,organic_search,False,3.0000,273,3.0000,unemployed,unknown,14.0000,15.0000,0
144807db-2895-4002-b52e-3eda79c22395,lead_add_form,reference,False,0.0000,1111,0.0000,working_professional,other_cities,14.0000,18.0000,1
1eb0358a-62e8-4fcb-bd7a-1d8189ebfa21,landing_page_submission,google,False,8.0000,277,4.0000,unknown,mumbai,14.0000,18.0000,0
d78841e2-ac17-4986-aaab-ad2796c2a4e6,api,organic_search,False,3.0000,1207,1.5000,unemployed,unknown,16.0000,15.0000,1
1b1e6ec3-1f21-41e0-a3e9-3ee3aa2b6415,api,google,False,2.0000,39,1.0000,unknown,unknown,16.0000,15.0000,0
80182a5a-1a04-49db-acc7-0a3bbea6b88b,landing_page_submission,google,False,4.0000,1638,4.0000,unemployed,mumbai,12.0000,18.0000,0
46921843-bfc8-443d-96f8-18495891aef6,api,referral_sites,False,16.0000,53,16.0000,unknown,unknown,15.0000,13.0000,0
b2c0f21b-97b3-4d4e-ad9c-9af95f2654f3,landing_page_submission,direct_traffic,False,1.0000,127,1.0000,unemployed,mumbai,16.0000,18.0000,0
c311a2fd-e180-411d-8eb6-b80f6a8c7c05,landing_page_submission,organic_search,True,5.0000,100,5.0000,unemployed,mumbai,15.0000,18.0000,0
be27249b-9677-4397-8158-f795d95fbfd8,landing_page_submission,google,True,4.0000,323,4.0000,unknown,mumbai,13.0000,18.0000,0
2b25a3e9-72a7-43e5-8c54-7e8405cc0ed3,api,google,False,2.0000,160,1.0000,unemployed,unknown,16.0000,15.0000,1
68171565-0979-44e9-ac27-992bcca38aa8,lead_add_form,reference,False,0.0000,0,0.0000,businessman,unknown,15.0000,19.0000,1
adc01aa8-ee1b-4fc2-9cc7-bf29117241b0,api,google,False,1.0000,263,1.0000,unemployed,unknown,14.0000,14.0000,0
01502bf8-d062-4a90-9119-15597dc4a950,api,google,False,2.0000,1218,2.0000,unemployed,unknown,11.0000,15.0000,0
63ebde80-a465-4cdc-ab5a-5e880a7138b0,lead_add_form,reference,False,0.0000,986,0.0000,working_professional,unknown,14.0000,19.0000,1
0298b9a5-fedb-408b-a284-2d357583600f,lead_add_form,welingak_website,False,0.0000,889,0.0000,unemployed,unknown,14.0000,15.0000,1
73413bd6-e089-4b8f-9359-ad5825101790,landing_page_submission,google,False,5.0000,1091,5.0000,unemployed,mumbai,13.0000,20.0000,1
42976847-bdd7-4472-8c0a-5d4489fd20fb,landing_page_submission,direct_traffic,False,4.0000,291,4.0000,unknown,other_cities,14.0000,16.0000,0
d76f5ba7-b432-43b5-8dda-aad9fded162e,lead_add_form,reference,False,0.0000,0,0.0000,unemployed,thane_&_outskirts,15.0000,16.0000,1
cd4c2dd2-0bf1-475a-a0ed-09ffd030dcb7,api,google,True,1.0000,1759,1.0000,unemployed,unknown,16.0000,15.0000,0
8bfdab74-6fe6-4288-8baa-a4223216ec5b,landing_page_submission,referral_sites,False,7.0000,41,3.5000,unknown,mumbai,14.0000,14.0000,0
6998487c-062f-4844-967b-4a632b6878d3,landing_page_submission,google,False,5.0000,386,5.0000,unemployed,thane_&_outskirts,14.0000,17.0000,0
a56dc332-499f-4145-ae65-79d9ca8a5fd9,api,referral_sites,False,6.0000,216,2.0000,unknown,unknown,14.0000,13.0000,0
4cc6f35b-bba3-4e7a-90fa-a2a1764a10bb,landing_page_submission,google,False,5.0000,1603,5.0000,unemployed,mumbai,14.0000,20.0000,1
2b5fb07b-5930-4e1f-a1f6-21f8a333ee2c,landing_page_submission,google,False,7.0000,106,3.5000,unknown,other_cities,14.0000,13.0000,0
2bfbd79b-c942-4c0f-bed9-704ccf4f4c8e,api,google,False,2.0000,73,2.0000,unemployed,unknown,12.0000,15.0000,0
81d95e57-ace1-4cd5-be03-282bc72ffd1e,api,google,False,2.0000,77,2.0000,unemployed,unknown,13.0000,15.0000,0
d23140e8-765b-4a84-9719-35574580cd57,landing_page_submission,direct_traffic,False,3.0000,718,3.0000,unknown,thane_&_outskirts,13.0000,14.0000,0
b12f165c-f720-46d7-afbc-5ac794cec646,landing_page_submission,google,False,5.0000,432,1.6700,unknown,mumbai,14.0000,18.0000,0
08424302-ffe0-4c2d-be4f-d099f75a3eb5,landing_page_submission,google,False,5.0000,232,2.5000,unemployed,other_cities,13.0000,16.0000,0
1c104d9a-49f9-4daf-a133-15c73efedbd3,landing_page_submission,direct_traffic,False,2.0000,702,2.0000,unemployed,other_cities,14.0000,13.0000,0
2e314eed-ab56-4594-b12f-2402b355eca6,landing_page_submission,organic_search,False,5.0000,614,5.0000,unemployed,thane_&_outskirts,15.0000,19.0000,1
cf302bc1-ca65-40d3-a354-a7166f68e6e9,landing_page_submission,direct_traffic,False,1.0000,1808,1.0000,unknown,thane_&_outskirts,14.0000,14.0000,1
e210e543-584e-42a1-a5ed-7011ced14ef8,landing_page_submission,direct_traffic,True,2.0000,234,1.0000,unemployed,mumbai,15.0000,18.0000,0
95ba6ee3-ebfa-4e88-be00-059e87ec079b,landing_page_submission,direct_traffic,False,3.0000,245,3.0000,unemployed,thane_&_outskirts,13.0000,17.0000,0
1450cd7f-806e-4bad-be80-652a6022218b,landing_page_submission,organic_search,False,8.0000,1268,4.0000,unemployed,mumbai,16.0000,18.0000,1
90e1a6ea-7c76-436c-8a0a-01c632c99343,landing_page_submission,google,False,2.0000,56,2.0000,unemployed,mumbai,12.0000,15.0000,0
48834d26-b7d1-46c6-be16-a27e14f9ff33,api,referral_sites,False,4.0000,174,2.0000,unemployed,unknown,13.0000,13.0000,0
068d0803-43ba-45bb-9d32-21d8ec3bebba,landing_page_submission,direct_traffic,False,4.0000,1149,2.0000,unemployed,mumbai,14.0000,18.0000,0
5c9a62e5-9d75-4088-ac5a-a5f5e0a1a35d,landing_page_submission,direct_traffic,False,2.0000,333,2.0000,unknown,other_cities,14.0000,13.0000,0
a1ab0aaa-505e-48dc-9be1-5df466c3f14a,api,organic_search,False,7.0000,471,2.3300,unemployed,unknown,14.0000,15.0000,0
2d09fce2-eab7-4d6a-b668-eb739cfc5d2d,landing_page_submission,direct_traffic,False,3.0000,1010,3.0000,unemployed,other_metro_cities,15.0000,16.0000,1
0921ad51-b2bc-4abb-bb66-e9357b16c306,api,olark_chat,False,10.0000,1815,3.3300,unemployed,other_cities_of_maharashtra,15.0000,17.0000,1
1a95a0ed-5b9b-46d4-8b2c-aff31756523c,landing_page_submission,direct_traffic,False,2.0000,47,2.0000,unemployed,other_cities,14.0000,16.0000,0
6402d606-839e-4fbd-b1c1-b50a433814c1,landing_page_submission,direct_traffic,False,3.0000,1528,1.5000,unemployed,other_cities,14.0000,16.0000,1
a732de28-542e-48c4-abe1-af4067853627,landing_page_submission,google,False,6.0000,919,6.0000,unemployed,mumbai,14.0000,20.0000,1
34f5a0cf-b70f-460e-a4ac-26e892d39666,api,organic_search,False,10.0000,194,5.0000,unemployed,mumbai,13.0000,15.0000,0
2d366179-1380-4078-a855-74faf409cfc4,api,organic_search,False,1.0000,1173,1.0000,unemployed,unknown,14.0000,15.0000,0
516cef54-19f1-4f7a-93ae-bc739f870903,api,google,False,2.0000,351,2.0000,unemployed,unknown,13.0000,15.0000,0
ba13e654-406e-4d3f-9fc1-0803087a41eb,landing_page_submission,referral_sites,False,12.0000,493,12.0000,unknown,thane_&_outskirts,16.0000,16.0000,0
31479eef-bdb8-45d9-a394-8134ed57256b,landing_page_submission,direct_traffic,False,3.0000,381,1.5000,unemployed,thane_&_outskirts,13.0000,17.0000,0
e70118b9-8fc8-4810-b665-3551a60813ef,api,referral_sites,False,2.0000,1944,2.0000,unknown,unknown,14.0000,13.0000,0
ced562dd-a390-4369-b233-04313cc5fa90,landing_page_submission,google,False,5.0000,65,5.0000,unemployed,thane_&_outskirts,13.0000,17.0000,0
22296e35-116d-435d-b323-580f066c1d8c,api,organic_search,False,7.0000,1334,7.0000,unknown,mumbai,14.0000,16.0000,0
0371849d-b964-4473-b41c-a1a3f56ad1b5,api,google,False,7.0000,615,7.0000,unknown,thane_&_outskirts,13.0000,15.0000,0
70c71ff4-5848-46da-b501-2e9867c46c06,lead_add_form,reference,False,0.0000,0,0.0000,working_professional,mumbai,14.0000,20.0000,1
608e26ab-09fb-4fcb-a394-570dbed2504d,api,google,False,1.0000,250,1.0000,unemployed,unknown,13.0000,15.0000,0
69b83452-22e4-40e1-83f5-a988b69c7f87,landing_page_submission,direct_traffic,False,2.0000,383,2.0000,unknown,other_metro_cities,14.0000,16.0000,0
3b74e995-4407-44de-9e59-622afb514261,lead_add_form,welingak_website,False,0.0000,1240,0.0000,unemployed,mumbai,14.0000,18.0000,1
cd0a852b-0732-44c7-a469-a401b8c66403,lead_add_form,reference,False,0.0000,0,0.0000,working_professional,unknown,14.0000,19.0000,1
1730b5e8-e435-41c6-9082-b9c98976bd16,lead_add_form,welingak_website,False,0.0000,458,0.0000,unemployed,unknown,14.0000,15.0000,1
db2dc4b5-f603-4818-9b0c-0435923a4cd8,lead_add_form,welingak_website,False,0.0000,1060,0.0000,unemployed,unknown,14.0000,15.0000,1
07efd6f7-1e73-4f1f-80a3-56a32adf581a,api,olark_chat,False,0.0000,0,0.0000,unemployed,unknown,14.0000,15.0000,0
c5cac611-2349-4eb3-bf93-924225b8fa88,api,referral_sites,False,4.0000,904,4.0000,unemployed,unknown,17.0000,13.0000,0
89f3bcca-38ab-4ba9-bd37-0c302be3f164,api,google,False,1.0000,164,1.0000,unknown,unknown,14.0000,15.0000,0
116549d5-2b2b-441f-9528-5662e2b1e7d8,api,google,False,2.0000,1793,2.0000,unemployed,unknown,11.0000,15.0000,0
0f0e596b-c91f-449c-8923-bbf51f896687,api,organic_search,False,5.0000,1841,5.0000,unemployed,unknown,15.0000,15.0000,0
850fe660-b18e-4ea0-80bf-54f16ffe018a,api,organic_search,False,8.0000,877,2.6700,unemployed,unknown,14.0000,16.0000,1
80da9389-fc0b-45f7-87eb-96cbbf5eef22,lead_add_form,reference,False,0.0000,0,0.0000,unemployed,mumbai,14.0000,20.0000,1
d7e939fb-2e60-4293-a0c8-d0202db10096,landing_page_submission,organic_search,False,12.0000,1411,6.0000,unemployed,other_cities,16.0000,16.0000,1
97874d2b-8b23-4b0d-9bb8-0a0494792743,api,organic_search,False,6.0000,385,6.0000,unemployed,thane_&_outskirts,15.0000,16.0000,1
cfac8c8e-1867-43bb-8e1b-ea3bf0965a78,api,olark_chat,False,0.0000,0,0.0000,unknown,unknown,17.0000,15.0000,0
6e8bdab7-5f9d-4c68-bea2-5f49795487bc,api,google,False,12.0000,68,1.7100,unknown,mumbai,16.0000,15.0000,0
64b11308-6011-4140-992f-73ad457e529e,api,olark_chat,False,0.0000,0,0.0000,unknown,unknown,17.0000,15.0000,0
b7c0a6d5-a592-4ea1-b273-8d35b1810dc8,landing_page_submission,google,False,3.0000,192,3.0000,unknown,thane_&_outskirts,14.0000,17.0000,0
80448da8-326b-49c7-a617-0bbcde5807fe,landing_page_submission,google,False,5.0000,309,5.0000,unknown,mumbai,15.0000,18.0000,0
d60b3133-9845-4d68-8675-6666c7dc57c9,lead_add_form,reference,False,0.0000,785,0.0000,unemployed,unknown,15.0000,17.0000,1
371264b3-10ad-4959-a767-30b8b1cd57a8,api,organic_search,False,4.0000,342,4.0000,unemployed,unknown,14.0000,15.0000,0
7fc3270e-5e92-441a-b792-cc6d75981b19,api,google,False,2.0000,78,1.0000,unemployed,unknown,15.0000,15.0000,0
8286ada8-b243-4807-b561-b1e231a264ff,api,olark_chat,False,0.0000,0,0.0000,unknown,unknown,17.0000,15.0000,0
5091d8d0-fdc5-4726-aabf-40374cf4da4e,api,olark_chat,False,0.0000,0,0.0000,unknown,unknown,17.0000,15.0000,0
a996259c-fab6-4fb6-bf41-7c68fbb22114,api,organic_search,False,5.0000,1234,1.6700,student,thane_&_outskirts,16.0000,17.0000,1
c693a352-3702-4165-a1f9-fa96a34c9bf3,api,organic_search,False,8.0000,14,8.0000,unemployed,unknown,15.0000,15.0000,0
8e7a4195-873f-41fd-9a39-f7c0f167f2f9,api,olark_chat,False,0.0000,0,0.0000,unemployed,unknown,15.0000,15.0000,0
7dae25b8-239c-49e5-a7d1-d5822325c795,api,referral_sites,False,4.0000,77,4.0000,unemployed,unknown,12.0000,13.0000,0
6bce3c47-8c97-44b8-90d6-f952358e441f,api,referral_sites,False,3.0000,1299,3.0000,unemployed,unknown,16.0000,13.0000,1
487eb109-5611-48e2-8225-470e6dd51866,lead_add_form,reference,False,0.0000,0,0.0000,unemployed,other_cities_of_maharashtra,14.0000,19.0000,1
e870b3a1-4c5c-492f-8f86-f7be1077040c,api,referral_sites,False,2.0000,457,2.0000,unemployed,unknown,13.0000,13.0000,0
fad4be87-d418-4746-b951-cd405a98b631,api,organic_search,False,5.0000,358,5.0000,unemployed,unknown,15.0000,15.0000,0
c95394c1-e004-4a89-91f7-c5475a21d0f9,landing_page_submission,direct_traffic,False,3.0000,481,3.0000,unknown,other_cities,13.0000,16.0000,0
5266bf8f-ee44-4847-a8cc-19d49e30dfa9,api,direct_traffic,False,2.0000,205,2.0000,unemployed,unknown,11.0000,15.0000,0
c800a9c6-9f91-42f4-88e7-c4f9023d6f88,landing_page_submission,direct_traffic,False,1.0000,1106,1.0000,unemployed,other_cities,15.0000,16.0000,1
f942f0fe-55e2-4e23-bae8-346c55278fb0,landing_page_submission,direct_traffic,False,9.0000,1953,1.8000,unemployed,thane_&_outskirts,15.0000,17.0000,1
b6a07644-72d3-40b7-9c75-f996c6ee96a0,lead_add_form,reference,False,0.0000,1070,0.0000,unemployed,other_cities,14.0000,18.0000,1
e12e2510-7203-411d-b3c5-9f5aaf9ffd73,lead_add_form,reference,False,0.0000,0,0.0000,unemployed,unknown,14.0000,17.0000,1
226edbbb-fd4d-4522-a59a-dc53bf6318bf,landing_page_submission,google,False,5.0000,207,2.5000,unknown,mumbai,12.0000,18.0000,0
82b11e37-cba7-4757-bd73-0cfa33665dba,landing_page_submission,direct_traffic,False,2.0000,1587,2.0000,unemployed,other_cities,14.0000,13.0000,1
603532ad-117d-436a-82c3-cca41f4c8470,landing_page_submission,direct_traffic,False,2.0000,1509,2.0000,unemployed,mumbai,10.0000,18.0000,1
ea973fef-e4bc-4286-ac5c-84de3a780850,api,organic_search,False,4.0000,331,4.0000,unemployed,unknown,12.0000,15.0000,0
15594d8b-eee1-4d03-a6bc-05454972c1b6,landing_page_submission,direct_traffic,False,4.0000,187,4.0000,unemployed,mumbai,13.0000,18.0000,0
9fb9f131-2b4d-42c2-83b7-0575da86974b,api,organic_search,False,3.0000,1407,1.5000,unemployed,unknown,15.0000,15.0000,1
0ad6eef7-7935-499d-903b-bf17566b241e,lead_add_form,reference,False,0.0000,0,0.0000,working_professional,unknown,15.0000,18.0000,1
0e3d5534-5cee-4977-a3ec-871a1077bdba,landing_page_submission,google,False,1.0000,123,1.0000,unemployed,other_cities,14.0000,13.0000,0
0a3ed7ff-5eb6-4985-a3c1-510f9d3b01a9,api,organic_search,False,1.0000,100,1.0000,unemployed,unknown,14.0000,15.0000,0
038dc19c-b7ea-4cc3-a95b-9a13e477c4b1,landing_page_submission,direct_traffic,False,9.0000,1164,4.5000,unemployed,mumbai,16.0000,15.0000,1
8d88f11e-eed4-4e76-87ed-3319a9801430,api,olark_chat,False,0.0000,0,0.0000,unknown,unknown,15.0000,15.0000,0
a18c6be1-8a7b-4ed1-b1c2-bdd2de83bcc5,landing_page_submission,direct_traffic,False,1.0000,1362,1.0000,unemployed,other_cities_of_maharashtra,14.0000,14.0000,1
fc7db92d-18c8-4218-8f99-20d4758602cf,api,direct_traffic,False,7.0000,1051,3.5000,unknown,unknown,14.0000,15.0000,0
cd6bf86f-0fb0-486c-8e82-dcc3c1e2c431,landing_page_submission,google,False,2.0000,1816,2.0000,unemployed,thane_&_outskirts,14.0000,17.0000,0
80ffbb0e-a3e7-4afe-905d-0172fdd48a15,landing_page_submission,direct_traffic,False,7.0000,74,2.3300,unemployed,mumbai,13.0000,18.0000,0
2c165c73-6832-4e15-ada3-e91b1c44b9bd,api,organic_search,False,13.0000,54,6.5000,unemployed,unknown,15.0000,15.0000,0
1a3dfc00-2e7c-4747-9d79-62e2761880a2,landing_page_submission,direct_traffic,False,3.0000,1183,3.0000,unknown,thane_&_outskirts,13.0000,17.0000,1
c6afd99a-116a-403c-8f23-7022e2836891,landing_page_submission,direct_traffic,False,3.0000,66,3.0000,unemployed,thane_&_outskirts,14.0000,14.0000,0
83de7a6e-7679-4060-8989-bb49b39f9328,api,olark_chat,False,3.0000,1122,1.5000,unknown,unknown,15.0000,15.0000,0
683f89b7-cf5c-48e5-8761-d64d103ca63a,landing_page_submission,organic_search,False,6.0000,135,6.0000,unemployed,mumbai,14.0000,18.0000,0
127541b0-6d5b-4549-a6af-3502f227a815,landing_page_submission,direct_traffic,False,9.0000,307,1.8000,unknown,mumbai,14.0000,18.0000,0
9a6688f4-798f-4efc-96f7-dddd677263d3,landing_page_submission,organic_search,False,12.0000,28,6.0000,unemployed,other_cities,14.0000,16.0000,0
eabd8eaf-eab7-4380-86d7-9c21ae0576a2,api,olark_chat,False,0.0000,0,0.0000,unemployed,unknown,14.0000,15.0000,0
7292063e-29d8-49e3-be44-f50008df769f,landing_page_submission,google,False,5.0000,306,5.0000,unknown,other_cities,14.0000,13.0000,0
e0c1f7c8-b696-4d97-ae42-d3974bccdcb4,landing_page_submission,direct_traffic,False,7.0000,116,7.0000,unemployed,mumbai,15.0000,18.0000,1
4416c20d-11b7-4e8c-b4c9-7b27dd0f94f1,landing_page_submission,direct_traffic,False,2.0000,1054,2.0000,unemployed,mumbai,14.0000,18.0000,0
dbf6d8a7-eab9-4f92-96d3-f5005db1fa42,api,organic_search,False,3.0000,195,3.0000,unemployed,unknown,15.0000,15.0000,1
dd4e1ca4-c873-4a10-aa40-70382835237a,api,olark_chat,False,0.0000,0,0.0000,unknown,unknown,17.0000,15.0000,0
eff492d9-4b36-445a-9f55-b68fe533d3e5,landing_page_submission,google,False,3.0000,732,3.0000,working_professional,thane_&_outskirts,14.0000,17.0000,1
2de32d4e-8972-4fca-a8cc-93c1f8b30d23,api,olark_chat,False,7.0000,1130,2.3300,unemployed,mumbai,15.0000,16.0000,0
daa67295-da02-4a6e-ad57-37533c13cecd,api,organic_search,False,13.0000,594,4.3300,unemployed,unknown,13.0000,15.0000,0
e237c3e5-999f-4158-b541-cd9622d1488c,api,organic_search,False,5.0000,1117,5.0000,unknown,unknown,15.0000,15.0000,0
e15342a3-ca98-4401-8a76-a7ff920546c7,api,referral_sites,False,14.0000,354,14.0000,unemployed,unknown,14.0000,13.0000,0
d22d10d8-5ce1-4014-8d29-08fec7c8658e,api,google,False,3.0000,217,3.0000,unemployed,unknown,13.0000,15.0000,0
47549ac1-31bc-4270-ac78-9869534aef6a,api,olark_chat,False,0.0000,0,0.0000,unemployed,unknown,15.0000,15.0000,0
41bed798-480f-4714-822b-5d5d6a93ea6e,api,direct_traffic,False,5.0000,1837,2.5000,unemployed,thane_&_outskirts,14.0000,17.0000,1
35794cc5-0e3d-4fd9-85c9-2a863007e898,landing_page_submission,google,False,1.0000,302,1.0000,unknown,thane_&_outskirts,14.0000,17.0000,0
355ab34b-e625-48f2-b8bd-f58368552dd8,landing_page_submission,google,False,6.0000,32,6.0000,unknown,mumbai,15.0000,18.0000,0
cc487e97-dc1e-426a-99bf-bf751a7dd740,landing_page_submission,direct_traffic,False,1.0000,1226,1.0000,unemployed,tier_ii_cities,14.0000,17.0000,0
c79ff501-0004-4dfb-aa66-d32835891dca,landing_page_submission,google,False,4.0000,144,4.0000,unknown,other_cities_of_maharashtra,13.0000,17.0000,0
b032c3eb-5aaa-461a-91b8-c4262b51742c,api,organic_search,False,2.0000,631,1.0000,unemployed,unknown,16.0000,15.0000,1
0e03892b-a2de-4246-8f74-c1ce2796dc59,landing_page_submission,direct_traffic,False,1.0000,891,1.0000,student,other_cities_of_maharashtra,15.0000,19.0000,1
4e2d0826-0b52-4ef5-ad75-8af799a3ecb2,api,olark_chat,False,0.0000,0,0.0000,unemployed,unknown,15.0000,15.0000,0
88aec271-f2ea-4359-a2bd-c43ab380467b,api,google,False,3.0000,235,3.0000,unknown,unknown,14.0000,15.0000,0
d608267d-2bbf-4d78-b6c1-a563bbe38c83,landing_page_submission,google,False,2.0000,453,2.0000,unknown,mumbai,12.0000,15.0000,0
f3eceef5-79a4-4d4b-8e5c-0562fb19a553,api,referral_sites,False,3.0000,60,1.5000,unemployed,unknown,14.0000,13.0000,0
76d339a7-7aad-43f5-b6f0-f2ab8b13a945,lead_add_form,welingak_website,False,0.0000,0,0.0000,unemployed,unknown,15.0000,15.0000,1
be383482-dc8e-4cee-b9ab-4d0949d0fd07,api,organic_search,False,9.0000,96,4.5000,unemployed,unknown,13.0000,15.0000,0
d82de405-5782-48d2-9f13-4e829543b17f,lead_add_form,welingak_website,False,0.0000,0,0.0000,unemployed,unknown,14.0000,15.0000,1
2872b4e9-7801-4333-9eff-9b2d4772ad1e,api,olark_chat,False,0.0000,0,0.0000,unknown,unknown,15.0000,15.0000,0
0dcca9d7-5c32-442c-b115-d13465015b6d,api,referral_sites,False,11.0000,825,11.0000,working_professional,thane_&_outskirts,17.0000,15.0000,1
bed5e1ad-5569-44b8-9b3a-7d568417d435,api,olark_chat,False,0.0000,0,0.0000,unknown,unknown,17.0000,15.0000,0
29d73a75-3d92-4ecc-ac96-32a3c05add24,api,direct_traffic,False,11.0000,10,5.5000,unemployed,unknown,12.0000,15.0000,0
b188ce42-4d14-4a53-80fb-e554ce3959ca,lead_add_form,reference,False,0.0000,1704,0.0000,unemployed,unknown,14.0000,17.0000,1
20418574-d6a1-405b-8afb-e6f47933e833,api,organic_search,False,3.0000,1154,1.0000,unemployed,unknown,16.0000,15.0000,1
35c83b23-921f-47da-8a95-5ebab14962ad,lead_add_form,reference,False,0.0000,1262,0.0000,unemployed,other_cities_of_maharashtra,14.0000,19.0000,1
3acc46ab-0f98-425f-9504-e6b4e2badb14,lead_add_form,reference,False,0.0000,0,0.0000,working_professional,unknown,14.0000,19.0000,1
014b3eac-a050-4596-b0ad-0be984086a6c,landing_page_submission,referral_sites,False,6.0000,104,3.0000,unemployed,other_metro_cities,15.0000,15.0000,1
4504d177-2d96-4583-a218-3f9307e21efa,api,google,False,3.0000,331,3.0000,unknown,unknown,13.0000,15.0000,0
a7cfe398-727f-4d16-9dda-02b3e35e8eb0,landing_page_submission,google,False,5.0000,294,2.5000,unemployed,mumbai,12.0000,15.0000,0
4cecdd59-327e-4c05-a4a4-297e762f9544,api,organic_search,False,5.0000,345,5.0000,unknown,unknown,14.0000,15.0000,0
ba878da8-94f4-49bd-8aba-fd2afe1980ba,api,google,False,2.0000,172,2.0000,unknown,unknown,11.0000,15.0000,0
2f4e048a-af10-42a8-a895-f3de17ecfaec,landing_page_submission,google,False,4.0000,228,4.0000,unemployed,thane_&_outskirts,14.0000,19.0000,1
45d95d55-024b-4e8a-991f-e2a710cc8d96,landing_page_submission,organic_search,False,5.0000,26,5.0000,unknown,thane_&_outskirts,15.0000,14.0000,0
d06787be-c4ba-408b-ab58-6a3c3d1e567b,api,olark_chat,False,0.0000,0,0.0000,unknown,unknown,15.0000,15.0000,0
5cf9340d-5798-4422-97d4-414a82056991,api,referral_sites,False,4.0000,436,4.0000,unknown,unknown,12.0000,13.0000,0
bad47819-f767-4475-8e30-65cb7509a164,landing_page_submission,google,False,5.0000,1008,5.0000,unknown,unknown,15.0000,14.0000,0
988b81fb-a186-4163-8513-2f187adaf678,landing_page_submission,referral_sites,False,17.0000,71,3.4000,unemployed,other_cities_of_maharashtra,13.0000,16.0000,0
65a06b69-76c5-41f6-9fc1-47d7871721dc,landing_page_submission,google,False,8.0000,43,8.0000,unemployed,mumbai,15.0000,18.0000,0
9dd9a91b-c030-4766-9839-400601696e09,landing_page_submission,google,False,4.0000,294,4.0000,unemployed,mumbai,13.0000,18.0000,0
c040c2bc-4139-4009-b4b7-1cc0d82f78ee,api,organic_search,False,2.0000,1528,1.0000,unknown,unknown,15.0000,15.0000,0
cf79c640-d9f5-4896-9ed4-4c56cb02b504,api,olark_chat,False,0.0000,0,0.0000,unknown,unknown,15.0000,15.0000,0
e309dc6d-80b5-49b3-8a4e-bd045459f75b,api,olark_chat,False,0.0000,0,0.0000,unknown,unknown,14.0000,15.0000,0
e3cd2172-9187-46a2-9414-45e4af314c63,api,referral_sites,False,1.0000,213,1.0000,unemployed,unknown,14.0000,13.0000,0
d9ed7525-5cf0-45ba-87c2-ca2bca521874,landing_page_submission,organic_search,False,4.0000,31,1.3300,working_professional,other_cities,15.0000,18.0000,1
fcee7638-8fe3-4197-bba2-44762c43491c,api,google,False,3.0000,389,3.0000,unknown,unknown,12.0000,15.0000,0
b8c53370-50cf-4d8c-a455-4885379761a1,api,olark_chat,False,0.0000,0,0.0000,unknown,unknown,17.0000,15.0000,0
9b41d622-0969-4d9d-90e8-0c8115d9b126,api,google,False,4.0000,97,4.0000,unknown,unknown,15.0000,15.0000,0
4beec5ec-bdea-4ecd-ab89-345060e38bc2,landing_page_submission,direct_traffic,False,13.0000,194,13.0000,unknown,mumbai,15.0000,18.0000,0
144f76c0-2a6b-4590-99ec-39e36e9d55d9,landing_page_submission,direct_traffic,False,2.0000,526,2.0000,unemployed,unknown,14.0000,18.0000,1
60e8d6e7-f685-4fef-a309-35eae3f40e7c,api,google,False,10.0000,11,10.0000,unknown,unknown,8.0000,15.0000,0
4d0dfa88-8aa9-4a80-8abb-f71f2961c9a2,api,organic_search,False,5.0000,297,2.5000,unknown,unknown,14.0000,15.0000,0
bbcfddcc-1bc8-4c30-b036-9782b3526f7c,landing_page_submission,direct_traffic,False,4.0000,174,4.0000,unemployed,mumbai,13.0000,18.0000,0
74a3ad16-d561-401c-a0f2-53867b481bf6,landing_page_submission,organic_search,False,4.0000,12,4.0000,unemployed,other_cities,14.0000,16.0000,0
c9074146-8978-48f4-8bc4-186c516d7c75,landing_page_submission,direct_traffic,False,5.0000,254,1.2500,unemployed,mumbai,12.0000,18.0000,1
149ea70e-6f74-4c23-8102-ff16b27d6b13,lead_add_form,reference,False,0.0000,803,0.0000,unemployed,mumbai,14.0000,20.0000,1
fee26e37-6a29-48b0-94ba-aeb6a29e805b,api,olark_chat,False,0.0000,0,0.0000,unknown,unknown,17.0000,15.0000,0
064154e9-6e99-47fc-aa0c-c24462169fcf,landing_page_submission,google,False,4.0000,595,4.0000,unemployed,thane_&_outskirts,15.0000,17.0000,1
bf79ca0b-cecb-482a-a2c2-cfd6c4334d91,api,referral_sites,False,7.0000,250,2.3300,unknown,unknown,14.0000,13.0000,0
e39a98aa-32f7-4b8c-a4bc-f88474e6945c,landing_page_submission,google,False,11.0000,1189,11.0000,unemployed,mumbai,15.0000,18.0000,0
3e8f18de-294c-4765-8ac5-b3035299fb07,landing_page_submission,google,False,5.0000,73,5.0000,unemployed,mumbai,14.0000,15.0000,0
ce80e8fa-008e-48d3-b5db-f5a110129305,landing_page_submission,direct_traffic,False,3.0000,491,3.0000,working_professional,mumbai,14.0000,20.0000,0
78b1f3e6-2490-4536-9976-feecd3201bbd,api,google,True,7.0000,1281,1.7500,unemployed,unknown,15.0000,15.0000,1
3ae390c4-9cc1-4908-b301-ab66cdbc0959,api,organic_search,False,3.0000,117,3.0000,unemployed,unknown,15.0000,15.0000,1
58b67d7f-29a1-42aa-83fd-1178ca87a79b,api,google,False,5.0000,1493,1.6700,unknown,unknown,14.0000,15.0000,0
2dd8dc62-7e5b-48d4-a34e-c176ed0f0f02,landing_page_submission,google,False,5.0000,263,2.5000,unemployed,mumbai,16.0000,18.0000,1
a5fabfff-1200-42d7-aeb9-07c36674d762,api,google,False,7.0000,207,3.5000,unknown,unknown,14.0000,15.0000,0
b4372d6d-0072-42ee-94fd-a0723c257b64,landing_page_submission,google,False,4.0000,67,4.0000,unemployed,mumbai,15.0000,18.0000,0
4550a11d-5516-4d07-8fae-0b05298eff86,api,referral_sites,False,6.0000,866,3.0000,unemployed,unknown,14.0000,13.0000,0
89604a7c-c70e-4ce7-9341-f982ed4b83de,landing_page_submission,organic_search,False,6.0000,419,6.0000,unemployed,mumbai,13.0000,18.0000,0
a9c27470-97cc-4ccc-8717-abe2bef514b0,api,organic_search,False,11.0000,188,5.5000,unknown,unknown,14.0000,15.0000,0
148a8258-5e36-4935-85a5-9f544e2dc600,api,google,False,2.0000,362,2.0000,unemployed,unknown,12.0000,15.0000,0
55c7a6d7-5fbc-445a-a853-a86ac1fd9b30,landing_page_submission,google,False,3.0000,199,3.0000,unemployed,mumbai,9.0000,18.0000,0
97a7ab58-d7ce-4686-ab2f-ca95f327ea4b,api,google,False,10.0000,556,5.0000,unemployed,mumbai,16.0000,16.0000,1
352e5985-f3f2-4188-943c-332ca95e8d09,api,referral_sites,False,5.0000,1536,5.0000,working_professional,thane_&_outskirts,14.0000,15.0000,1
292178c7-d5fa-4a05-9b94-d0189dfc75d9,api,google,False,4.0000,1088,4.0000,working_professional,mumbai,16.0000,18.0000,1
dde267d0-e06d-4eb8-a6ab-f667e6ed602a,landing_page_submission,referral_sites,False,6.0000,863,6.0000,unemployed,thane_&_outskirts,16.0000,17.0000,1
20e7d610-e4ff-404c-9874-0320035afe4e,landing_page_submission,direct_traffic,True,4.0000,1410,4.0000,unemployed,unknown,13.0000,17.0000,0
84a4f49b-8885-4904-9fa1-1dcbd085b62d,api,organic_search,True,8.0000,76,8.0000,unknown,unknown,13.0000,15.0000,0
22027f9e-2e7e-4822-9ab8-93749ddb6a9b,api,olark_chat,False,0.0000,0,0.0000,unknown,unknown,15.0000,15.0000,0
362badd1-befe-4dde-a3ab-84a9ff5a644a,landing_page_submission,direct_traffic,False,6.0000,209,3.0000,unemployed,other_cities_of_maharashtra,15.0000,14.0000,0
e1bce895-94ee-4a63-bb05-4b0627ee9092,landing_page_submission,google,False,5.0000,58,5.0000,unemployed,mumbai,13.0000,18.0000,0
f11eba6e-f398-4dd1-9e6a-1f52b1df22f8,api,google,False,6.0000,90,2.0000,unemployed,unknown,14.0000,15.0000,0
f4c0bf69-e037-416a-b989-d28576a50ba3,api,organic_search,False,7.0000,950,2.3300,unemployed,unknown,15.0000,16.0000,1
40604a18-79f3-47ab-98d7-9c665a2a8179,api,olark_chat,False,0.0000,0,0.0000,unemployed,other_cities,14.0000,13.0000,0
66a9b6ce-db45-4442-ae41-638412352b71,landing_page_submission,google,False,8.0000,149,2.0000,unknown,mumbai,14.0000,18.0000,0
48d600e0-35b9-430d-b699-8d21e503d4c3,landing_page_submission,direct_traffic,False,4.0000,3,4.0000,unemployed,other_cities,15.0000,16.0000,0
d4dd872b-14e7-4e2e-81ad-52e62ef19ce3,landing_page_submission,direct_traffic,False,7.0000,901,7.0000,unemployed,mumbai,16.0000,20.0000,1
e1c4f054-f82d-4d01-9616-476ea5bb736f,api,olark_chat,False,0.0000,0,0.0000,unemployed,unknown,15.0000,15.0000,0
aa1edcad-f74f-426c-881a-5bbaa5ce717d,api,referral_sites,False,6.0000,110,3.0000,unknown,unknown,14.0000,13.0000,0
085e660a-fc99-42d3-a874-ca585082358d,api,olark_chat,False,0.0000,0,0.0000,unknown,unknown,16.0000,15.0000,0
50fa9f12-424e-4885-8e98-34ff7aa37d4d,lead_add_form,reference,False,0.0000,0,0.0000,unemployed,mumbai,14.0000,20.0000,1
88a53c2e-98be-4b2e-886d-ce6be3a19f63,api,google,False,3.0000,445,3.0000,unemployed,unknown,12.0000,15.0000,0
360558c9-5f2d-4244-8984-a4b5c34bfcf9,landing_page_submission,google,False,7.0000,1939,2.3300,unemployed,mumbai,13.0000,17.0000,0
143158a9-2786-4481-bbfb-312dda770c59,api,olark_chat,False,0.0000,0,0.0000,unemployed,unknown,12.0000,15.0000,0
ea031f99-d52d-44eb-8241-bfed82c893b2,api,google,False,3.0000,199,1.5000,unemployed,thane_&_outskirts,10.0000,17.0000,0
165b9c1b-80df-4f2e-8a43-86a8a1ac00db,api,direct_traffic,False,1.0000,633,1.0000,unknown,unknown,14.0000,15.0000,0
d265fdf3-2c0c-42fd-bb8b-84eddd8cb547,api,google,False,4.0000,457,2.0000,unknown,unknown,13.0000,15.0000,0
685bdb91-5c0e-42dc-863f-aca35f377be4,api,referral_sites,False,4.0000,86,4.0000,unknown,unknown,14.0000,13.0000,0
80df0d02-675e-42bf-9fc0-43c651c63aab,landing_page_submission,google,False,7.0000,57,2.3300,unknown,mumbai,13.0000,18.0000,0
e4bbc4b7-2adc-4a26-a80c-b47368cd74b6,api,olark_chat,False,0.0000,0,0.0000,unemployed,unknown,14.0000,15.0000,0
b852d04d-932a-4afd-8ab6-5be1b22ca1cf,landing_page_submission,organic_search,False,21.0000,1113,2.6300,unemployed,mumbai,15.0000,18.0000,1
5cfb8be6-6f1a-40a5-a0d3-cbee7030efa3,api,referral_sites,False,4.0000,237,4.0000,unknown,unknown,12.0000,13.0000,0
f84b9a55-321d-488e-a4da-80a37dd121f1,landing_page_submission,google,False,2.0000,43,2.0000,unemployed,mumbai,12.0000,20.0000,0
aab15462-f9bd-4c1a-99f8-f1086cbbc9e0,lead_add_form,reference,False,0.0000,43,0.0000,unemployed,mumbai,14.0000,19.0000,1
eaca1463-3002-45d1-9b56-6cdae0dd2bd6,api,olark_chat,False,0.0000,0,0.0000,unemployed,unknown,15.0000,15.0000,0
fbd84c6c-3485-4d52-a00f-65f6510e92e0,lead_add_form,google,False,0.0000,0,0.0000,unemployed,thane_&_outskirts,15.0000,18.0000,1
eab015ad-8e4c-4d9a-b5d1-4be654a2d138,api,olark_chat,False,0.0000,0,0.0000,unemployed,unknown,15.0000,15.0000,0
b638a81c-ec84-4533-a321-d8f970de6295,api,organic_search,False,2.0000,1366,2.0000,unknown,unknown,14.0000,15.0000,0
420c94ae-8d83-405c-b7fd-55a0ff85009a,lead_add_form,reference,False,0.0000,0,0.0000,unemployed,mumbai,15.0000,20.0000,1
a1b47633-07a1-482b-acfc-574c0d492609,api,organic_search,False,3.0000,124,3.0000,unknown,unknown,14.0000,15.0000,0
59c889e6-b381-4468-acbd-b1fc6a4f0361,api,google,False,2.0000,135,2.0000,unknown,unknown,14.0000,15.0000,0
89d928e8-5f20-41dd-8f28-6dae88ceed31,landing_page_submission,referral_sites,False,5.0000,1216,2.5000,working_professional,other_cities,15.0000,15.0000,1
9db9110d-56f9-455e-96d6-5159029eb5cb,landing_page_submission,direct_traffic,False,3.0000,35,3.0000,unemployed,mumbai,13.0000,18.0000,0
5719b08e-a14a-400b-915c-07363c35524c,api,olark_chat,False,0.0000,0,0.0000,unemployed,other_cities,16.0000,16.0000,1
ed5424c5-2f0e-43aa-8350-5cb02342d716,landing_page_submission,google,False,4.0000,157,4.0000,unknown,other_cities_of_maharashtra,14.0000,17.0000,0
9b9ebbf5-a785-41f5-abde-fb6a42d53dc7,api,olark_chat,False,0.0000,0,0.0000,unemployed,unknown,15.0000,14.0000,0
b4a468d5-d150-4392-b1ba-a49eb480779e,api,referral_sites,False,3.0000,170,1.5000,unknown,unknown,12.0000,13.0000,0
29f77fcd-318f-4d4b-a04b-b8318cf8d557,api,organic_search,False,4.0000,71,4.0000,unknown,unknown,11.0000,15.0000,0
6783ec7d-1455-403e-9022-63c7e0709c2f,landing_page_submission,organic_search,False,5.0000,811,5.0000,unknown,mumbai,15.0000,18.0000,0
5befbbb7-2cf3-4a47-bb6f-086652eb131d,lead_add_form,reference,False,0.0000,972,0.0000,working_professional,mumbai,14.0000,17.0000,1
3e57c8e0-f893-400c-abac-71157d7b60a6,api,referral_sites,False,10.0000,278,5.0000,unknown,unknown,14.0000,13.0000,0
9832ede0-e449-477b-a4fa-cf2325cfe8ac,api,olark_chat,False,0.0000,0,0.0000,unknown,unknown,15.0000,15.0000,0
ef57aab3-089d-4379-9e5a-4ff471c840bb,api,referral_sites,False,5.0000,809,5.0000,unknown,unknown,14.0000,13.0000,0
35b6c06f-e0ed-489a-b315-4392a4123a82,api,olark_chat,False,0.0000,0,0.0000,unknown,unknown,17.0000,15.0000,0
5da64b7b-6302-45da-8462-872cc3cadd6a,lead_add_form,reference,False,0.0000,781,0.0000,unemployed,mumbai,14.0000,20.0000,1
ea8cff4f-7ddb-4d66-bb10-8b71027539ef,landing_page_submission,google,False,4.0000,1226,4.0000,unemployed,mumbai,13.0000,20.0000,1
c28b318b-d869-46e5-81a3-a76e62c10ff4,landing_page_submission,google,False,5.0000,1469,2.5000,unknown,mumbai,15.0000,15.0000,0
8cf11158-55f8-48c8-b9da-cb70cfdeed36,api,referral_sites,False,5.0000,253,1.6700,unknown,unknown,14.0000,13.0000,0
45fd4f84-6bf5-4b35-8e99-edcf0caf5039,lead_add_form,welingak_website,False,0.0000,0,0.0000,unemployed,mumbai,15.0000,18.0000,1
2980f6dc-bde8-4f6b-baa9-8644dc0de0a5,landing_page_submission,organic_search,False,4.0000,1378,4.0000,unemployed,unknown,14.0000,17.0000,1
2cb43f59-8a5f-4204-adea-70530bdcf878,api,referral_sites,False,10.0000,66,10.0000,unemployed,unknown,14.0000,13.0000,0
b967b0c5-e38d-4d25-9f68-ccea5a003ad1,landing_page_submission,google,False,4.0000,372,4.0000,unknown,mumbai,15.0000,18.0000,0
161738f4-6a0c-4768-a82f-2fb71c6d4652,api,organic_search,False,3.0000,1636,1.5000,unknown,unknown,15.0000,15.0000,1
dc2f3cc6-cf59-4736-9d0d-ce71b46d7fe0,api,google,False,2.0000,376,2.0000,unknown,unknown,12.0000,15.0000,0
8d249e78-208b-4c63-8717-0eaa9b63572e,landing_page_submission,google,False,1.0000,214,1.0000,unemployed,other_cities,15.0000,16.0000,1
701994c7-5df0-4b87-9a44-96a96f3acefb,api,olark_chat,False,0.0000,0,0.0000,unknown,unknown,17.0000,15.0000,0
6922fda9-a387-402e-a761-20cc145056b3,api,olark_chat,True,0.0000,0,0.0000,unknown,unknown,15.0000,15.0000,0
1e765aa6-2eb0-47bf-be58-0f9f8b3a312d,landing_page_submission,organic_search,False,8.0000,93,8.0000,unknown,other_cities,14.0000,13.0000,0
47b3353e-e55c-4b3f-8cf8-18280630fa2a,api,olark_chat,False,0.0000,0,0.0000,unknown,unknown,14.0000,15.0000,0
2c8bc57c-7383-467a-b061-d291e4bbc0db,landing_page_submission,direct_traffic,False,3.0000,365,3.0000,unemployed,mumbai,13.0000,15.0000,0
04c37c47-dc04-4b96-9bdf-8fd044a8acc5,landing_page_submission,google,False,6.0000,274,2.0000,unemployed,mumbai,15.0000,18.0000,1
0d6afced-d128-47e2-8cad-183dca067d24,api,referral_sites,False,4.0000,179,4.0000,unknown,unknown,14.0000,13.0000,0
23911ee3-0be8-4985-9ef6-a372791eecf0,landing_page_submission,google,False,15.0000,753,15.0000,unemployed,mumbai,14.0000,18.0000,0
7c282676-3f74-4a4f-8a8a-9691be6bf35a,landing_page_submission,direct_traffic,False,3.0000,1346,3.0000,unknown,other_cities_of_maharashtra,13.0000,17.0000,0
de60423e-0b72-4cca-8480-080aba0b7b2a,api,google,False,7.0000,277,3.5000,unknown,unknown,13.0000,15.0000,0
b0996c06-b57a-445f-9791-1248873c7080,api,google,False,2.0000,90,2.0000,unknown,unknown,14.0000,15.0000,0
76f138f0-b691-481c-a5cb-fa0002a4f42d,api,olark_chat,False,0.0000,0,0.0000,unemployed,unknown,12.0000,15.0000,0
b3b2c6e7-2a26-412b-a091-888aaeb2997a,landing_page_submission,google,False,9.0000,1289,2.2500,working_professional,mumbai,15.0000,17.0000,1
3028eaf2-0e1e-4be1-b284-dab300b0b478,api,referral_sites,False,8.0000,246,2.6700,unknown,unknown,14.0000,13.0000,0
93c84518-710f-458d-b15b-0169a9e80294,landing_page_submission,google,False,11.0000,116,3.6700,unknown,other_cities_of_maharashtra,13.0000,17.0000,0
eada32bc-7305-4940-9384-4fb94e7e06da,api,olark_chat,False,0.0000,0,0.0000,unknown,unknown,15.0000,15.0000,0
06feb89a-fb00-48b2-9ee8-71e69ec328fd,landing_page_submission,google,False,5.0000,472,5.0000,unemployed,mumbai,14.0000,18.0000,1
c52ce7ed-018c-4583-bdec-b9608675379e,api,google,False,2.0000,395,1.0000,unknown,unknown,10.0000,15.0000,0
5166db18-9f38-437c-812b-1a60ccae9587,api,olark_chat,False,0.0000,0,0.0000,unknown,unknown,15.0000,15.0000,0
891fa322-836b-4d84-8678-3315d4a6fba3,api,olark_chat,False,0.0000,0,0.0000,unknown,unknown,16.0000,15.0000,0
0481b169-304f-4814-85bf-65af5688b954,landing_page_submission,direct_traffic,True,4.0000,1354,4.0000,unemployed,mumbai,14.0000,18.0000,1
635caffb-d1fe-4a3f-9882-7ef45a8c8c14,landing_page_submission,organic_search,False,5.0000,1102,5.0000,unemployed,mumbai,14.0000,18.0000,1
aad431a1-0e5f-4ad3-9cf5-c8e84d1e3c7d,api,olark_chat,False,0.0000,0,0.0000,unemployed,unknown,17.0000,15.0000,0
f4f94e42-16f3-47b5-946a-11b7909421f0,api,google,False,2.0000,1268,2.0000,unemployed,unknown,12.0000,15.0000,0
c701c0d5-c497-4346-a5ca-a69be1dbe9ec,api,organic_search,False,5.0000,1354,2.5000,unemployed,unknown,14.0000,15.0000,1
2ee8433e-85ff-4179-9b49-4002a5d0d842,api,referral_sites,False,3.0000,1561,1.5000,unemployed,unknown,13.0000,13.0000,1
bbfb5e1a-886f-4a84-b5f3-fd63d3e52445,landing_page_submission,google,False,10.0000,1128,1.4300,unemployed,mumbai,15.0000,20.0000,1
cd34872c-0078-4b7b-809a-309bd99c6603,api,organic_search,False,4.0000,1341,2.0000,unemployed,unknown,15.0000,15.0000,1
4cfd87b1-527d-4599-829f-767b779afb3c,landing_page_submission,google,False,2.0000,250,2.0000,unknown,thane_&_outskirts,12.0000,17.0000,0
7cb89209-b105-4858-8126-08d27c4b33d5,api,organic_search,False,2.0000,250,2.0000,unemployed,unknown,13.0000,15.0000,0
d0ecca82-b177-42af-bb31-3029b209ed72,api,organic_search,False,2.0000,248,2.0000,unknown,unknown,13.0000,15.0000,0
5390c5fe-b12c-4f6e-ae92-908672abb0a1,landing_page_submission,direct_traffic,True,2.0000,402,2.0000,unemployed,other_metro_cities,12.0000,15.0000,0
79726e87-c950-4b81-b423-78d62171b9ee,api,referral_sites,False,1.0000,235,1.0000,unemployed,unknown,14.0000,13.0000,0
6502a725-3dad-4693-a5ae-8c36801fb3f4,api,organic_search,False,6.0000,125,3.0000,unemployed,unknown,13.0000,15.0000,0
5f1d08c3-186f-43dd-9eec-e50cedda41cf,api,organic_search,False,2.0000,236,2.0000,unemployed,unknown,14.0000,15.0000,0
86b1826e-b891-42f6-b345-8399a4d85a43,api,referral_sites,False,9.0000,110,9.0000,unemployed,unknown,14.0000,13.0000,0
e1682465-4844-469c-a422-56fa3391dc72,api,organic_search,True,7.0000,265,3.5000,unemployed,unknown,12.0000,15.0000,0
ea240e4c-331b-4c80-b241-6664161126a8,landing_page_submission,google,False,7.0000,109,7.0000,unemployed,mumbai,13.0000,18.0000,0
14ddbdb8-3aa0-4aed-bf65-a2b8907c226a,landing_page_submission,google,False,3.0000,98,3.0000,unemployed,mumbai,14.0000,18.0000,0
3d7a9ce4-745f-4c78-aac3-58b427049fb3,landing_page_submission,referral_sites,False,7.0000,315,3.5000,unknown,other_metro_cities,13.0000,15.0000,0
7fd75aea-71f1-43b2-86e3-ff38ab9f8ed6,api,google,False,2.0000,339,2.0000,unemployed,mumbai,13.0000,15.0000,0
0a8a1065-09bb-4f40-8286-c614c4f63daf,landing_page_submission,direct_traffic,False,3.0000,211,3.0000,unemployed,mumbai,14.0000,18.0000,0
8a850005-f951-4164-8671-70281f39b698,landing_page_submission,direct_traffic,False,2.0000,703,2.0000,unemployed,mumbai,13.0000,18.0000,1
b1a4a304-eb14-4cfe-ab5c-95d1a35c9061,landing_page_submission,organic_search,False,13.0000,408,6.5000,unemployed,mumbai,16.0000,15.0000,0
a3a534b4-6c28-4c22-85cf-83786af71fa1,api,referral_sites,False,11.0000,366,3.6700,unemployed,thane_&_outskirts,15.0000,15.0000,0
066bce44-12bd-4dfb-b69e-4294b6080d9f,landing_page_submission,organic_search,True,5.0000,106,5.0000,unemployed,mumbai,13.0000,16.0000,0
19a4a1ae-3250-4758-aa69-30009d13c3d0,landing_page_submission,google,False,2.0000,1099,2.0000,unemployed,mumbai,14.0000,18.0000,1
ffa02d68-b6aa-4309-a45e-587da057280e,api,organic_search,False,11.0000,306,11.0000,unknown,thane_&_outskirts,16.0000,12.0000,0
ab95807d-974c-4b2b-b1a0-939703474db7,api,google,False,9.0000,290,3.0000,unknown,thane_&_outskirts,14.0000,15.0000,0
c9438200-1510-4bfa-9654-659dad071a10,api,organic_search,False,11.0000,220,11.0000,unemployed,thane_&_outskirts,16.0000,15.0000,0
eae23d93-8dfe-4ba0-bf50-21fcd02a3237,landing_page_submission,google,False,8.0000,235,8.0000,unemployed,mumbai,15.0000,20.0000,1
a6df2f36-d8c0-43c7-9581-b241f34787e2,landing_page_submission,direct_traffic,False,6.0000,25,3.0000,unknown,other_cities,13.0000,16.0000,0
fb1ea0fb-5340-4565-9d50-df30d828447c,api,organic_search,False,7.0000,463,3.5000,unemployed,unknown,13.0000,15.0000,0
48ef69a5-c666-4e43-932f-2ca404e5252d,landing_page_submission,direct_traffic,False,2.0000,398,2.0000,unemployed,other_cities,14.0000,16.0000,0
7e715ad4-a78e-40b6-a917-b435dfc5b4c2,api,organic_search,False,3.0000,623,3.0000,unemployed,unknown,14.0000,15.0000,0
a9e70d47-d58d-4e94-959d-9cf4e3635b71,landing_page_submission,google,False,4.0000,281,4.0000,unemployed,mumbai,14.0000,18.0000,0
3f78a489-a8f9-43d7-b169-2b35c318f338,landing_page_submission,direct_traffic,False,3.0000,46,3.0000,unemployed,mumbai,16.0000,18.0000,0
d6530253-e4c6-49a8-ab81-06ffe9650439,api,olark_chat,False,0.0000,0,0.0000,unemployed,unknown,15.0000,16.0000,0
fe7f9c4b-8501-4c6e-ac5d-9f4152249d19,landing_page_submission,google,False,9.0000,1468,9.0000,unemployed,mumbai,16.0000,20.0000,1
795d9313-67ba-4de3-9a62-40d2179b5077,landing_page_submission,organic_search,True,5.0000,615,2.5000,unemployed,other_cities,15.0000,13.0000,0
c768a8bb-9e21-40d3-9dbe-cfb47af7b067,api,google,False,6.0000,424,3.0000,unknown,unknown,15.0000,15.0000,0
3525909d-0d79-4ca6-a4af-1fe7f80d711d,landing_page_submission,google,False,4.0000,3,4.0000,unknown,other_cities_of_maharashtra,14.0000,17.0000,0
4f66f79f-d0e1-4419-974f-a2bbfee06a6f,api,referral_sites,False,3.0000,64,3.0000,unemployed,unknown,14.0000,13.0000,0
073fb427-f92a-4c5f-b421-bf7ffbd767d8,landing_page_submission,direct_traffic,False,2.0000,107,2.0000,unemployed,other_cities,15.0000,18.0000,1
8ba32c68-be69-4028-82a7-35a766afe542,api,referral_sites,False,3.0000,150,1.5000,unknown,unknown,14.0000,13.0000,0
7833ba89-7ab2-45ce-b982-2a9bc398aea3,landing_page_submission,google,False,5.0000,663,5.0000,unemployed,mumbai,14.0000,18.0000,0
c11cf85a-e78a-4a09-be7f-b02d197be200,lead_add_form,reference,False,0.0000,0,0.0000,working_professional,unknown,15.0000,19.0000,1
e941fcfa-a1b8-4484-a661-b47006bc2e47,lead_add_form,welingak_website,False,0.0000,0,0.0000,unemployed,unknown,15.0000,15.0000,1
748655b6-62bc-4394-88a6-89e92df75bdd,lead_add_form,reference,False,0.0000,0,0.0000,working_professional,unknown,14.0000,19.0000,1
26151138-cf5b-4b05-aed2-e518129fba6d,lead_add_form,welingak_website,False,0.0000,0,0.0000,unemployed,unknown,16.0000,15.0000,1
4db44a30-2fd7-4029-8c9e-866dbf9eaef4,api,organic_search,False,3.0000,185,3.0000,unemployed,unknown,14.0000,14.0000,0
77d95b1e-fde7-493a-a4fd-a38bacccbb95,landing_page_submission,direct_traffic,False,8.0000,321,4.0000,unemployed,mumbai,14.0000,18.0000,0
4d0b7d91-cdcc-42e6-9595-9c5e1fbdf55f,landing_page_submission,google,False,4.0000,1357,4.0000,unemployed,thane_&_outskirts,15.0000,14.0000,1
0ced3e0c-fc8e-40a7-bd0d-b66fabd7ee18,landing_page_submission,direct_traffic,False,4.0000,1447,4.0000,unknown,other_metro_cities,14.0000,16.0000,0
5d703160-b943-416a-b1f8-9ae002ac8bd8,lead_add_form,reference,False,1.0000,990,1.0000,student,mumbai,14.0000,20.0000,1
593f903b-1c8d-4cf5-8d01-de7a121d6394,api,google,False,2.0000,44,2.0000,unknown,unknown,14.0000,15.0000,0
d3e2638e-f1d6-4164-9e82-30301979b97e,api,referral_sites,False,2.0000,56,2.0000,unknown,unknown,14.0000,13.0000,0
2bd46918-b606-476d-aac7-f4d4e5708802,landing_page_submission,google,False,3.0000,1412,3.0000,unemployed,mumbai,14.0000,18.0000,0
98c94275-7ba7-43f1-bbc0-8b57221700c1,api,google,False,2.0000,374,1.0000,unknown,unknown,13.0000,15.0000,0
d7097804-22b1-4869-97f1-49eff52c2888,landing_page_submission,google,False,4.0000,746,4.0000,working_professional,mumbai,15.0000,19.0000,1
b07351dd-1780-4fa5-9fc2-b68c94034538,lead_add_form,welingak_website,False,0.0000,0,0.0000,unemployed,unknown,15.0000,15.0000,1
db841034-201d-49d0-8edb-01472def1669,api,google,False,2.0000,175,2.0000,unknown,unknown,14.0000,15.0000,0
e39b2e93-99e3-4c13-abd0-f08e5ca0f416,landing_page_submission,direct_traffic,False,4.0000,365,2.0000,unknown,thane_&_outskirts,13.0000,17.0000,0
d7c7df92-4293-4576-b130-10d7fc6d44df,api,google,False,2.0000,102,2.0000,unknown,unknown,13.0000,15.0000,0
156dcdb7-5066-4523-9165-e88cb6d14fb1,api,referral_sites,False,4.0000,248,2.0000,unknown,unknown,14.0000,13.0000,0
b28952e5-503c-43f4-ac1f-cbf14f621a5b,landing_page_submission,google,False,6.0000,351,6.0000,unknown,other_cities_of_maharashtra,13.0000,14.0000,0
bdd6b101-7d26-4152-ac93-5296dd592306,landing_page_submission,google,False,3.0000,267,3.0000,unemployed,thane_&_outskirts,15.0000,17.0000,1
41e4a490-eedd-4e9f-aa79-1af14b8debab,landing_page_submission,google,False,7.0000,238,1.7500,unknown,mumbai,13.0000,18.0000,0
df7b3e45-52e7-44df-a3a5-c3b932b1c877,api,google,False,2.0000,170,1.0000,unknown,unknown,15.0000,15.0000,0
5e2436a2-a011-4ac6-8165-b7300cc81fd4,landing_page_submission,organic_search,False,22.0000,59,5.5000,unemployed,mumbai,16.0000,18.0000,0
99bc24d5-cd9c-4f70-a4b7-b2c5d3da56d7,lead_add_form,reference,False,0.0000,205,0.0000,working_professional,unknown,14.0000,18.0000,1
ae843ab0-8b6a-407c-91b2-bddc29922dd1,landing_page_submission,direct_traffic,False,7.0000,150,7.0000,unknown,mumbai,15.0000,15.0000,0
f96e32ee-20e7-41c3-8b6c-42b1edf685d3,landing_page_submission,organic_search,False,5.0000,1250,5.0000,working_professional,other_cities,15.0000,13.0000,1
23bc786b-2602-4cbc-af05-f3ad50e32b37,landing_page_submission,organic_search,False,5.0000,255,2.5000,unknown,mumbai,13.0000,18.0000,0
113dd11b-4bdb-43da-95f0-c4ce4818de98,api,referral_sites,False,1.0000,153,1.0000,unknown,unknown,14.0000,13.0000,0
4e8dd3c0-893e-4244-99d8-cdca0408addc,lead_add_form,reference,False,0.0000,0,0.0000,unemployed,thane_&_outskirts,15.0000,19.0000,1
01c80c2c-ae4d-429d-9f69-5bf720811981,api,olark_chat,False,0.0000,0,0.0000,unknown,unknown,17.0000,15.0000,0
276cd600-8f00-4349-9cf5-e21a84318aea,landing_page_submission,google,False,3.0000,217,3.0000,unknown,thane_&_outskirts,14.0000,17.0000,0
56606ecb-936e-4f18-a105-b395c4953da0,api,olark_chat,False,0.0000,0,0.0000,unknown,unknown,17.0000,15.0000,0
549f44ca-7d3d-42ee-9868-cf00b86265af,landing_page_submission,direct_traffic,False,2.0000,2,2.0000,unemployed,mumbai,12.0000,15.0000,0
116912a3-182f-4c77-a121-d2b4e1acdf04,api,olark_chat,False,0.0000,0,0.0000,unknown,unknown,15.0000,15.0000,0
464a1db3-193a-47ac-aae6-51c28dc31c5a,api,referral_sites,False,3.0000,345,1.5000,unknown,unknown,12.0000,13.0000,0
fdda4587-553f-4756-a5d9-d04e68bdd157,lead_add_form,reference,False,0.0000,0,0.0000,unemployed,thane_&_outskirts,15.0000,19.0000,1
1e515b45-a44a-42a5-8957-804583656d1d,landing_page_submission,direct_traffic,True,2.0000,183,2.0000,unemployed,other_cities,16.0000,16.0000,0
6fe46553-2e57-48e2-a5a8-aa1749e4a11c,api,olark_chat,False,0.0000,0,0.0000,unemployed,unknown,12.0000,15.0000,0
426b1fac-fb53-4637-a48f-4b74c825d0d7,landing_page_submission,google,False,9.0000,181,3.0000,unemployed,mumbai,15.0000,18.0000,0
f8818666-4b2a-4ef6-903a-97676076137e,api,organic_search,False,3.0000,677,1.5000,student,unknown,15.0000,14.0000,0
cd88ea67-e3c5-454d-a2ea-40d04245b746,api,google,False,2.0000,134,2.0000,unknown,unknown,14.0000,15.0000,0
4aa35fe3-2ae3-419f-bc3b-df62cc6dafae,landing_page_submission,direct_traffic,False,4.0000,432,4.0000,unknown,other_cities_of_maharashtra,14.0000,16.0000,0
71dc3524-4d8b-4853-8fdd-32cc3900c5d5,api,olark_chat,False,0.0000,0,0.0000,unemployed,unknown,16.0000,14.0000,1
c10127f1-4e5a-4894-955d-d8b8e3a0c1d5,api,referral_sites,False,4.0000,396,2.0000,unknown,unknown,13.0000,13.0000,0
f9e4f9dc-6418-46b4-a627-2cfc4363e70b,landing_page_submission,google,False,4.0000,163,4.0000,unknown,mumbai,14.0000,18.0000,0
5f8f700c-4115-4436-9162-d015a064e764,api,olark_chat,False,0.0000,0,0.0000,unemployed,unknown,14.0000,15.0000,0
5224c9f3-db7b-4b39-a60d-771456cb7ada,lead_add_form,reference,False,0.0000,0,0.0000,unemployed,mumbai,14.0000,20.0000,1
d4267185-919c-425b-93c1-063aaa8873e0,landing_page_submission,direct_traffic,False,5.0000,1491,2.5000,working_professional,other_cities_of_maharashtra,15.0000,18.0000,1
687b5349-7603-4bf6-8810-6f3ef04c8a94,landing_page_submission,direct_traffic,False,2.0000,13,2.0000,unknown,mumbai,13.0000,18.0000,0
a1cd5dfc-4fbb-4225-9622-172e1da56972,api,referral_sites,False,5.0000,133,5.0000,unknown,unknown,15.0000,13.0000,0
1ea9d6f6-28d7-4708-8f26-fb81a0261448,landing_page_submission,google,False,4.0000,825,4.0000,unemployed,mumbai,13.0000,18.0000,0
02736de1-78b0-47f3-8158-dd50e799a01d,landing_page_submission,direct_traffic,False,4.0000,217,4.0000,unknown,other_cities,13.0000,16.0000,0
6c44b62a-520d-482d-8e0b-f76028336ca9,api,olark_chat,False,0.0000,0,0.0000,unemployed,unknown,14.0000,14.0000,0
3630421e-e43e-439d-acd1-3eb890b77791,landing_page_submission,google,False,3.0000,110,3.0000,unemployed,mumbai,14.0000,18.0000,0
2569d7ac-0fa2-4391-b513-b8e9a3422e7e,api,organic_search,False,2.0000,100,2.0000,unknown,unknown,14.0000,15.0000,0
3a093550-a5ce-43e5-bd6c-2496a4f943bb,landing_page_submission,direct_traffic,False,4.0000,1385,4.0000,unemployed,thane_&_outskirts,14.0000,17.0000,1
7983a34e-c4b5-4a85-a904-72aed6e7d9eb,api,organic_search,False,5.0000,442,5.0000,unknown,unknown,14.0000,15.0000,0
7bdfa655-5f03-4b3f-8a69-50dfe68a41ad,landing_page_submission,google,False,4.0000,1640,4.0000,unknown,mumbai,15.0000,15.0000,0
3b12a993-0e75-4281-aa3c-69f3df5165e9,api,google,False,3.0000,578,3.0000,working_professional,thane_&_outskirts,15.0000,15.0000,1
e5ac518d-b4f0-471c-a6ad-94771b7ce093,landing_page_submission,organic_search,False,3.0000,23,3.0000,unknown,mumbai,13.0000,18.0000,0
77553e85-4dcc-4000-a836-da4ca70d8358,lead_add_form,welingak_website,False,0.0000,0,0.0000,unemployed,unknown,14.0000,15.0000,1
24b6e82e-5e68-4996-ac32-8aea01cd55fd,api,referral_sites,False,3.0000,235,3.0000,unknown,unknown,14.0000,13.0000,0
35c3b5d1-c22f-49d1-8787-54a80ab88e21,api,organic_search,False,3.0000,241,3.0000,unknown,unknown,14.0000,15.0000,0
adfcdf9e-4481-4640-b5d1-650506a80795,api,google,False,2.0000,75,1.0000,unknown,unknown,13.0000,15.0000,0
547d174e-fc4f-4015-9eaf-738f6905d260,landing_page_submission,direct_traffic,False,4.0000,439,4.0000,unemployed,other_cities,14.0000,13.0000,0
c4e92992-0d84-4b45-aec4-50b0563a4ffc,api,google,False,2.0000,1491,1.0000,unknown,unknown,14.0000,15.0000,0
b7034525-8965-40b1-ad65-0ffce6398624,lead_add_form,reference,False,0.0000,0,0.0000,unemployed,thane_&_outskirts,15.0000,16.0000,1
0fa8ea77-b185-4fff-9194-e8a5ad7eb434,api,olark_chat,False,0.0000,0,0.0000,unknown,unknown,17.0000,15.0000,0
ef9dee6a-62fe-4dee-be9e-7c262cc11dc7,landing_page_submission,google,False,3.0000,262,3.0000,unemployed,other_metro_cities,14.0000,13.0000,0
66dbe8b8-ffc9-4eb1-9d49-79c8dc6eb8f8,landing_page_submission,google,False,5.0000,486,5.0000,unknown,mumbai,13.0000,18.0000,0
0f7f4062-a574-4390-8ee1-790bba34003e,api,google,False,4.0000,913,1.3300,unemployed,thane_&_outskirts,14.0000,16.0000,1
056c2f8e-2b3d-45d1-9c50-ec57d1f2c225,api,olark_chat,False,0.0000,0,0.0000,unknown,unknown,17.0000,15.0000,0
79d74b12-ed61-42db-82e3-27495b77e984,api,olark_chat,False,0.0000,0,0.0000,unknown,unknown,15.0000,15.0000,1
9dd206e6-411d-4bc6-a949-5b50181e9976,landing_page_submission,organic_search,False,4.0000,92,2.0000,unemployed,mumbai,14.0000,18.0000,0
fb108317-9419-4757-9d33-7564b4cb60ba,api,google,False,7.0000,333,7.0000,unknown,unknown,14.0000,15.0000,0
00e62cbc-572b-4d23-bac8-785d27af9111,api,referral_sites,False,11.0000,101,5.5000,unemployed,unknown,15.0000,13.0000,0
14190324-cbde-4fa9-86e6-b78f5c9cbf9b,landing_page_submission,direct_traffic,False,2.0000,1429,2.0000,unemployed,mumbai,13.0000,18.0000,0
5c2cedc4-9e82-476a-88ca-c0c2b7a7964f,landing_page_submission,organic_search,False,11.0000,127,3.6700,unemployed,other_cities,13.0000,16.0000,0
6fcb3881-c986-4490-8f05-4526dbb868cb,landing_page_submission,google,False,5.0000,362,5.0000,unemployed,mumbai,12.0000,18.0000,0
66e19c86-7070-49e1-acd3-0d2df1be3643,landing_page_submission,google,False,3.0000,1132,3.0000,unemployed,thane_&_outskirts,13.0000,17.0000,0
d5073d50-2944-405e-872f-99023f4a0177,api,olark_chat,False,0.0000,0,0.0000,unknown,unknown,17.0000,15.0000,0
4f302af5-698e-4a87-9c8c-5d2d2cf3d943,landing_page_submission,google,False,2.0000,125,2.0000,unknown,mumbai,14.0000,18.0000,0
a1e2f86e-b265-47ca-a82b-acd45d61066f,landing_page_submission,direct_traffic,False,2.0000,1012,2.0000,unknown,mumbai,13.0000,18.0000,1
3ae07743-278b-42bf-a07c-65b53a57a493,landing_page_submission,direct_traffic,False,5.0000,357,5.0000,unemployed,mumbai,15.0000,18.0000,0
2a1d9a3d-7bed-48ea-9b07-2099dac62943,api,olark_chat,False,0.0000,0,0.0000,unemployed,unknown,15.0000,15.0000,1
faae7fe3-00b2-4124-b47a-6c1b17e99f76,api,organic_search,False,3.0000,232,3.0000,unemployed,unknown,12.0000,15.0000,0
7d95c5a0-8f74-4cc4-8bcd-9d2519c561fd,landing_page_submission,organic_search,False,3.0000,829,3.0000,working_professional,mumbai,14.0000,17.0000,1
248b41d6-cf6c-49aa-8983-a110f8033b08,api,google,False,8.0000,717,2.6700,unemployed,unknown,10.0000,15.0000,0
b229fdc2-6869-4fc0-b5aa-5944455d64b9,landing_page_submission,google,False,3.0000,1208,3.0000,unemployed,mumbai,15.0000,18.0000,1
6578585b-fd38-4f36-8bfb-35e531848e63,landing_page_submission,direct_traffic,False,3.0000,1577,1.5000,unemployed,other_cities_of_maharashtra,13.0000,17.0000,0
9aec0955-3732-44d2-9f89-e63ecf831a2c,landing_page_submission,google,False,7.0000,185,7.0000,unknown,mumbai,14.0000,18.0000,0
9de2a54a-09c5-478d-ae3c-ed0683cfaab4,landing_page_submission,google,False,2.0000,127,1.0000,unknown,other_cities_of_maharashtra,14.0000,17.0000,0
bfb2f958-5683-4061-8474-42ed87bf5a44,landing_page_submission,organic_search,False,6.0000,283,6.0000,unknown,other_cities_of_maharashtra,14.0000,17.0000,0
eb3eb57f-5f3c-42ed-a605-d3b0129f8a48,landing_page_submission,organic_search,False,6.0000,361,3.0000,unknown,other_metro_cities,14.0000,13.0000,0
c2c45e2c-6266-47b3-9a06-693964179898,api,google,False,2.0000,394,2.0000,unknown,unknown,11.0000,15.0000,0
7d93ae99-5c9c-4b1c-8355-023287de1991,landing_page_submission,google,True,4.0000,347,4.0000,unemployed,other_cities,12.0000,13.0000,0
8f12e9b9-1056-4815-817c-6bc802f0d356,api,organic_search,False,7.0000,133,3.5000,unemployed,unknown,13.0000,15.0000,0
715d0d1a-a2df-40da-83f6-790f33c5c762,api,organic_search,False,2.0000,151,2.0000,unemployed,unknown,13.0000,14.0000,0
a1859e22-5e1b-43f2-804e-34ff5353e9a0,landing_page_submission,direct_traffic,False,3.0000,308,1.5000,unemployed,thane_&_outskirts,10.0000,19.0000,0
cc7e4d5a-dab8-41f0-8adc-299993853406,landing_page_submission,direct_traffic,False,7.0000,1172,3.5000,unknown,mumbai,13.0000,18.0000,1
a96b336f-e92a-4526-bb4d-1cc570fcd694,landing_page_submission,direct_traffic,False,2.0000,178,2.0000,unknown,other_cities,13.0000,13.0000,0
67c9ecd9-0429-4b90-8d42-53d27e217ac7,api,google,False,3.0000,1712,3.0000,unemployed,other_cities_of_maharashtra,14.0000,17.0000,1
8677c3b6-f974-42f9-a4dd-a62fae8718ae,landing_page_submission,organic_search,False,7.0000,585,7.0000,unknown,mumbai,13.0000,16.0000,0
e398a850-325c-4034-bfda-9b900786164b,api,google,False,1.0000,41,1.0000,unemployed,unknown,16.0000,15.0000,0
bcb6fb76-c704-45f7-88c0-638093a65089,landing_page_submission,referral_sites,False,5.0000,1342,5.0000,working_professional,other_metro_cities,13.0000,15.0000,1
0c2b836b-305e-418d-9a59-d0747c4e5184,api,olark_chat,False,0.0000,0,0.0000,unknown,unknown,16.0000,15.0000,0
000104b9-23e4-4ddc-8caa-8629fe8ad7f4,api,organic_search,False,9.0000,1125,9.0000,unemployed,unknown,15.0000,15.0000,1
c6b11191-4aec-482d-80c9-b7e656d3faa0,landing_page_submission,organic_search,False,13.0000,373,6.5000,unemployed,other_metro_cities,17.0000,13.0000,1
a5e28e6f-228c-4baa-9bfe-4d201a786bb9,api,organic_search,False,3.0000,316,3.0000,unknown,unknown,13.0000,15.0000,0
48e3c83d-04cc-4ee9-b10c-31e4791b9496,api,organic_search,False,6.0000,1779,6.0000,unemployed,mumbai,15.0000,16.0000,1
de3ebfcd-c4ef-4e8c-adfd-2b1426a7181a,api,olark_chat,False,0.0000,0,0.0000,unknown,unknown,16.0000,15.0000,0
28fe7ace-e9dc-4f67-9711-384a0b74da79,api,organic_search,False,1.0000,1295,1.0000,unknown,unknown,16.0000,15.0000,0
f9342a22-20fb-4f2e-80f6-084ea6fc8d41,landing_page_submission,google,False,4.0000,1158,4.0000,unknown,mumbai,13.0000,18.0000,0
b4066145-fe5f-4816-b640-797f3fc852f3,api,olark_chat,False,5.0000,1387,1.6700,unemployed,thane_&_outskirts,14.0000,17.0000,1
7c519ed2-5d80-4d7b-a095-52f5b09af6fc,api,referral_sites,False,3.0000,1641,3.0000,unemployed,unknown,14.0000,13.0000,0
a8b04967-c32e-4ff3-91dc-91a9abc6df29,api,google,False,2.0000,226,2.0000,unknown,unknown,13.0000,15.0000,0
2cc428d1-6991-4609-818e-257c3c6fefb5,landing_page_submission,google,False,1.0000,598,1.0000,unemployed,thane_&_outskirts,15.0000,17.0000,1
6dbcc61e-3d8f-46b8-8c07-71f6b433eee4,api,google,False,3.0000,1292,3.0000,unemployed,unknown,14.0000,15.0000,1
56003d67-9085-45fc-9e77-9906e6840e80,landing_page_submission,google,False,9.0000,888,9.0000,student,mumbai,15.0000,18.0000,1
f914fac6-2cb5-466b-b995-274fe75747ac,landing_page_submission,google,False,3.0000,242,3.0000,unknown,mumbai,14.0000,18.0000,0
3ccf7bff-d401-4e16-9240-5f800d880092,landing_page_submission,google,False,4.0000,332,4.0000,unemployed,mumbai,14.0000,15.0000,0
f79af288-f2ee-41d0-b394-4a88595067f1,landing_page_submission,direct_traffic,False,3.0000,1350,1.5000,unknown,mumbai,12.0000,18.0000,1
3efc5a9e-98ce-4743-9108-5336269a08bb,landing_page_submission,google,False,6.0000,192,6.0000,unknown,mumbai,14.0000,15.0000,0
6aed9d66-e7e2-4fc1-bf2b-2842205dab32,landing_page_submission,google,False,5.0000,409,5.0000,unknown,mumbai,14.0000,15.0000,0
5189abf3-bd34-4885-a01e-9a1690a080d5,api,organic_search,False,1.0000,37,1.0000,unemployed,unknown,14.0000,15.0000,0
80d51025-850f-4de1-a382-c3a70b3b406c,api,olark_chat,False,7.0000,628,3.5000,student,mumbai,14.0000,18.0000,1
51edf783-a7d4-454a-821a-631a9017a278,landing_page_submission,direct_traffic,True,1.0000,68,1.0000,unknown,mumbai,15.0000,18.0000,0
33265b8a-8e00-44fb-b7e4-774c05bc12e7,landing_page_submission,google,False,7.0000,385,7.0000,unknown,thane_&_outskirts,14.0000,14.0000,0
c1c41168-1f8e-4ce5-9f7d-1a80e65e31f6,api,olark_chat,False,0.0000,0,0.0000,unemployed,thane_&_outskirts,15.0000,16.0000,0
74af60a7-2488-4ab8-871c-1b4e62b3fdb3,api,organic_search,False,5.0000,1291,5.0000,unemployed,unknown,15.0000,15.0000,1
224db710-8508-4f14-abff-550ceeeb23c3,landing_page_submission,google,False,3.0000,239,3.0000,unknown,mumbai,14.0000,18.0000,0
57dc2c71-89db-4541-8890-d227dc717745,api,organic_search,False,3.0000,726,3.0000,unemployed,unknown,13.0000,15.0000,0
eda6996c-7d0b-46ce-ad60-f2ee9c85c148,api,organic_search,False,13.0000,99,13.0000,unemployed,unknown,18.0000,15.0000,0
803f9e6f-b336-45f8-ba9b-6566e455af24,landing_page_submission,google,False,6.0000,1092,3.0000,unemployed,mumbai,15.0000,18.0000,1
ae76e2ab-f3c1-4f9a-9bc7-ed70f695ee6a,landing_page_submission,organic_search,False,2.0000,414,2.0000,unknown,other_cities,13.0000,14.0000,0
340717e1-5204-4b49-a568-9140eace0f4c,api,google,False,3.0000,1152,3.0000,unemployed,thane_&_outskirts,14.0000,16.0000,1
458b9ce3-898b-4d5d-852f-ae7a59abcea0,api,google,False,2.0000,156,2.0000,unemployed,unknown,14.0000,15.0000,0
2d58fd94-2aae-47aa-a3ca-5805266503cd,landing_page_submission,google,False,7.0000,305,2.3300,unemployed,mumbai,14.0000,18.0000,0
6be73ad7-525d-11e6-96be-22000aa8e760,lead_import,facebook,False,0.0000,844,0.0000,unemployed,other_cities_of_maharashtra,14.0000,15.0000,1
6be73ca2-525d-11e6-96be-22000aa8e760,lead_import,facebook,False,0.0000,0,0.0000,unemployed,other_cities,13.0000,12.0000,0
6be73d7d-525d-11e6-96be-22000aa8e760,lead_import,facebook,False,0.0000,11,0.0000,unemployed,mumbai,13.0000,15.0000,0
6be73ddb-525d-11e6-96be-22000aa8e760,lead_import,facebook,False,0.0000,0,0.0000,unemployed,other_cities_of_maharashtra,14.0000,14.0000,0
6be73e31-525d-11e6-96be-22000aa8e760,lead_import,facebook,False,0.0000,131,0.0000,unemployed,mumbai,13.0000,15.0000,0
6be73e7b-525d-11e6-96be-22000aa8e760,lead_import,facebook,False,0.0000,129,0.0000,unemployed,other_cities_of_maharashtra,13.0000,14.0000,0
6be73ed9-525d-11e6-96be-22000aa8e760,lead_import,facebook,False,0.0000,19,0.0000,unemployed,other_cities_of_maharashtra,13.0000,14.0000,0
6be73f79-525d-11e6-96be-22000aa8e760,lead_import,facebook,False,0.0000,1517,0.0000,unemployed,other_metro_cities,13.0000,13.0000,0
6be73fc3-525d-11e6-96be-22000aa8e760,lead_import,facebook,False,0.0000,32,0.0000,unemployed,mumbai,13.0000,15.0000,0
6be7400b-525d-11e6-96be-22000aa8e760,lead_import,facebook,False,0.0000,0,0.0000,unemployed,mumbai,14.0000,15.0000,0
6be74056-525d-11e6-96be-22000aa8e760,lead_import,facebook,False,0.0000,0,0.0000,unemployed,other_metro_cities,14.0000,13.0000,0
6be740b1-525d-11e6-96be-22000aa8e760,lead_import,facebook,False,0.0000,1608,0.0000,unemployed,mumbai,14.0000,15.0000,1
6be740fd-525d-11e6-96be-22000aa8e760,lead_import,facebook,False,0.0000,103,0.0000,unemployed,mumbai,13.0000,15.0000,0
6be74143-525d-11e6-96be-22000aa8e760,lead_import,facebook,False,0.0000,1012,0.0000,unemployed,mumbai,14.0000,13.0000,1
6be7418c-525d-11e6-96be-22000aa8e760,lead_import,facebook,False,0.0000,0,0.0000,unemployed,thane_&_outskirts,14.0000,15.0000,0
6be741da-525d-11e6-96be-22000aa8e760,lead_import,facebook,False,0.0000,0,0.0000,unemployed,mumbai,14.0000,16.0000,1
6be74234-525d-11e6-96be-22000aa8e760,lead_import,facebook,False,0.0000,345,0.0000,unemployed,other_cities,13.0000,13.0000,0
6be7427b-525d-11e6-96be-22000aa8e760,lead_import,facebook,False,0.0000,0,0.0000,unemployed,mumbai,13.0000,15.0000,0
6be74452-525d-11e6-96be-22000aa8e760,lead_import,facebook,False,0.0000,97,0.0000,unemployed,mumbai,13.0000,15.0000,0
06e22f01-45f1-4487-8248-73dfff94ad03,lead_add_form,reference,False,1.0000,288,1.0000,unemployed,mumbai,14.0000,20.0000,1
ee3ee673-2778-4072-9b14-ce549ef109f4,landing_page_submission,organic_search,False,6.0000,81,6.0000,unemployed,other_metro_cities,14.0000,14.0000,0
1e9af053-e130-473c-b0af-d8d9425c3409,api,referral_sites,False,3.0000,12,3.0000,unknown,unknown,10.0000,13.0000,0
ea76c5cd-3498-4f52-93d0-8d8e212836b1,lead_add_form,welingak_website,False,0.0000,0,0.0000,unemployed,thane_&_outskirts,15.0000,14.0000,1
9e3481e5-6c1e-436d-921b-4bd361cbd6f0,api,google,False,3.0000,301,3.0000,unknown,unknown,14.0000,15.0000,0
758ed6e9-5092-4638-8b73-396eca59913c,api,direct_traffic,False,5.0000,4,1.6700,unemployed,unknown,11.0000,15.0000,0
e58d2ddd-fbf3-465d-90b8-a22495af3d63,api,referral_sites,False,4.0000,1523,4.0000,unemployed,unknown,15.0000,13.0000,1
4daf1783-7f4f-4dbf-8b3f-c7a8d9910cbf,api,google,False,3.0000,7,3.0000,unemployed,mumbai,14.0000,18.0000,1
49f589bc-e091-4aab-b787-e5255e9a8f07,landing_page_submission,google,False,4.0000,321,4.0000,unknown,mumbai,14.0000,18.0000,0
ab550af9-438b-42d1-8df9-f4e2bc25594f,api,olark_chat,False,0.0000,0,0.0000,unknown,unknown,16.0000,15.0000,1
5aeeaf92-1d02-4e69-904d-66ef38100b15,api,google,False,2.0000,293,2.0000,unemployed,unknown,14.0000,15.0000,0
5c31385a-070b-41a9-bc77-0d6f83b23749,api,google,False,4.0000,1313,4.0000,unemployed,unknown,13.0000,15.0000,0
15c16425-0c3f-4edb-b266-b7bd312dca26,landing_page_submission,direct_traffic,False,2.0000,1368,2.0000,unemployed,mumbai,14.0000,18.0000,1
b5d3c71c-5375-4e28-bd55-028f5cba7cb3,landing_page_submission,google,False,3.0000,94,1.5000,unemployed,mumbai,14.0000,20.0000,1
bdb046bb-216f-498f-8f84-b36456473ca9,landing_page_submission,google,False,5.0000,616,5.0000,unknown,mumbai,14.0000,18.0000,0
65ce5db8-628d-4678-891a-dfdd85c7ec81,api,google,False,9.0000,1482,3.0000,unemployed,mumbai,15.0000,16.0000,1
599cc8e9-5d78-401e-b40f-adacbdacd51a,api,google,False,3.0000,52,3.0000,unemployed,thane_&_outskirts,14.0000,16.0000,0
960e7c96-fc6d-4126-baa4-41e71b88bdb7,landing_page_submission,google,False,7.0000,6,7.0000,unknown,mumbai,13.0000,18.0000,0
5e1ba456-e376-45fa-b6c5-7e6f5574a440,api,olark_chat,False,0.0000,0,0.0000,working_professional,unknown,16.0000,15.0000,1
12be6aa5-6a22-4a5e-ae9c-473592481fd4,lead_add_form,reference,False,0.0000,0,0.0000,unemployed,thane_&_outskirts,14.0000,19.0000,1
ff8daf82-a795-4276-8443-67437cec918c,landing_page_submission,organic_search,False,3.0000,145,3.0000,unknown,other_cities,13.0000,14.0000,0
a94092fd-f8e5-41ba-81b8-207591ebe457,api,olark_chat,True,0.0000,0,0.0000,unknown,unknown,15.0000,15.0000,0
38f1be2c-ff94-411a-8fe9-b0e4a433e1fa,api,organic_search,True,2.0000,18,2.0000,unemployed,unknown,13.0000,15.0000,0
b812f00c-e513-4349-b701-3618758a8fe3,api,referral_sites,False,3.0000,116,3.0000,unknown,unknown,14.0000,13.0000,0
b38eb639-ce0a-4244-b0aa-408766e35496,landing_page_submission,direct_traffic,False,5.0000,221,5.0000,unemployed,mumbai,13.0000,16.0000,0
be315a3d-77d8-444a-ac9a-939535e98c6c,landing_page_submission,direct_traffic,False,4.0000,327,4.0000,unknown,other_cities_of_maharashtra,13.0000,17.0000,0
af7de9f5-a8c4-4453-b57d-d45e235941e0,landing_page_submission,google,False,4.0000,1027,4.0000,unknown,mumbai,14.0000,17.0000,0
2c95ac86-9b80-4326-944c-9b69278e6745,lead_add_form,reference,False,0.0000,1743,0.0000,unemployed,unknown,14.0000,17.0000,1
85fe6e63-56a0-466f-8049-3f313c860491,landing_page_submission,direct_traffic,False,4.0000,105,2.0000,unknown,other_cities,13.0000,16.0000,0
22cc0df4-8078-451e-afbf-ecf51cb62ebb,landing_page_submission,direct_traffic,False,4.0000,437,4.0000,unknown,mumbai,14.0000,18.0000,0
086ca890-6680-45eb-9925-93b856712985,landing_page_submission,direct_traffic,False,2.0000,25,2.0000,unemployed,mumbai,13.0000,15.0000,0
14a1acd6-4ac1-47eb-84d8-6b1936dfd625,api,olark_chat,False,0.0000,0,0.0000,unemployed,unknown,14.0000,15.0000,0
9ea79fc3-587b-4833-8afb-a7aadab9c196,api,google,False,1.0000,101,1.0000,unknown,unknown,14.0000,15.0000,0
455a7865-c128-4e66-922d-00a6cd110e88,api,olark_chat,False,3.0000,978,3.0000,unknown,unknown,16.0000,15.0000,1
7df9db7e-7ca4-4424-a7ea-a101f24ad5d8,api,referral_sites,False,6.0000,208,6.0000,unknown,unknown,14.0000,13.0000,0
5fe8958c-06aa-4638-8955-564907a3f8cb,lead_add_form,reference,True,0.0000,1952,0.0000,unemployed,thane_&_outskirts,14.0000,19.0000,1
5a3aa671-7ee4-4ac2-824e-357471cc9d6f,landing_page_submission,organic_search,False,5.0000,497,5.0000,unknown,other_cities,14.0000,16.0000,0
add50393-d336-4036-abf9-ba7358020bd3,api,organic_search,False,3.0000,118,1.5000,unknown,unknown,14.0000,15.0000,0
6d7eb270-2d59-4d40-aa97-00129f893984,api,referral_sites,False,6.0000,356,3.0000,unemployed,unknown,14.0000,13.0000,0
ecac3d4f-45f5-4332-9630-86d3f04e547a,api,olark_chat,False,0.0000,0,0.0000,unemployed,unknown,14.0000,15.0000,1
1ec33db0-c10a-4642-a086-80df07d1476c,landing_page_submission,google,False,7.0000,472,1.7500,unemployed,mumbai,14.0000,20.0000,1
f5c3285c-c0d0-4a06-bcd7-7e63a556eabe,api,olark_chat,False,0.0000,0,0.0000,unknown,unknown,15.0000,15.0000,0
7b236672-7df5-4145-b4ab-67cad9ec0453,api,organic_search,False,7.0000,47,7.0000,unknown,unknown,13.0000,15.0000,0
7157c311-7cae-46a6-ae9f-cf967ca06519,landing_page_submission,google,False,3.0000,312,3.0000,unemployed,mumbai,14.0000,18.0000,1
8ec273c5-40e7-4231-8a09-ff137a0f4e86,landing_page_submission,google,False,12.0000,333,6.0000,unknown,mumbai,15.0000,18.0000,0
65be287b-f755-49e2-b4b9-e85d0501c6bf,landing_page_submission,direct_traffic,False,3.0000,1458,3.0000,unknown,other_metro_cities,14.0000,16.0000,0
524cfc0c-4a1a-4236-bab1-281d4560c37b,lead_add_form,reference,False,0.0000,0,0.0000,unemployed,thane_&_outskirts,15.0000,19.0000,1
0158f879-f2ba-4df3-9d7a-4c7911b88977,api,referral_sites,False,2.0000,25,1.0000,unemployed,thane_&_outskirts,14.0000,13.0000,1
e00542c5-457c-43b8-962d-aa8b4e7f97f1,api,google,False,2.0000,49,2.0000,unknown,unknown,14.0000,15.0000,0
17742c7f-2361-4ce9-9837-9dcab47a5b9a,api,referral_sites,False,4.0000,213,4.0000,unknown,unknown,14.0000,13.0000,0
df2094b2-3498-4908-a4e2-9700235573e4,landing_page_submission,direct_traffic,False,2.0000,210,2.0000,unemployed,mumbai,14.0000,18.0000,0
3dbe808b-976f-47cc-814e-2afe216e3ac9,api,google,False,3.0000,253,3.0000,unknown,unknown,14.0000,15.0000,0
76c4b65c-1a11-43a2-895e-89529dda3ec9,landing_page_submission,google,False,4.0000,353,4.0000,unknown,other_cities,14.0000,13.0000,0
7741a160-f616-4029-ae39-7b2c9dd5a68e,lead_add_form,reference,False,0.0000,417,0.0000,unemployed,thane_&_outskirts,15.0000,19.0000,1
6387796c-fd6d-41b2-988d-9e7361f0ca9e,landing_page_submission,google,False,12.0000,1452,3.0000,unknown,mumbai,15.0000,18.0000,0
b221d669-b19a-4e48-b29c-3834f23d8943,api,olark_chat,False,0.0000,0,0.0000,unemployed,unknown,15.0000,15.0000,1
f22a1057-c893-4787-8d73-e498a0b8646d,api,olark_chat,False,0.0000,0,0.0000,unknown,unknown,14.0000,15.0000,0
24f4ee74-463c-4f34-984f-4acd0725d85f,landing_page_submission,direct_traffic,False,2.0000,1499,2.0000,unemployed,other_cities,14.0000,18.0000,1
8ed7528c-c4a0-4e52-b1b4-a56d63f81154,lead_add_form,reference,False,0.0000,0,0.0000,unemployed,mumbai,15.0000,20.0000,1
f45f8039-d948-4004-9e1b-c56efbab9747,landing_page_submission,google,False,21.0000,1885,3.5000,unemployed,mumbai,16.0000,20.0000,1
e96d49e5-f3d5-4fed-a232-e651ed23a67f,api,organic_search,False,3.0000,144,3.0000,unknown,unknown,13.0000,15.0000,0
3a5ae711-bb52-41df-8cbc-29eb6572c377,api,organic_search,True,4.0000,489,2.0000,unknown,unknown,17.0000,15.0000,0
aef6dfa8-a12c-432e-b29a-85bb2dd4a19d,landing_page_submission,google,False,2.0000,190,2.0000,unknown,mumbai,13.0000,18.0000,0
15169697-066a-4153-bf1f-a494bab424e7,lead_add_form,reference,False,0.0000,0,0.0000,unemployed,mumbai,14.0000,20.0000,1
4df1b0d3-49c2-41c0-b6e9-6b3a6e6a8fd5,api,olark_chat,False,0.0000,0,0.0000,unemployed,unknown,13.0000,15.0000,0
87be8497-2aea-48f2-ad1c-77242719b26c,landing_page_submission,direct_traffic,False,11.0000,1208,3.6700,unknown,mumbai,14.0000,18.0000,0
953ddb0c-e9f8-40d8-8194-d6e4cf57a0be,api,google,False,9.0000,208,4.5000,unknown,unknown,15.0000,15.0000,0
89afce44-1064-4da3-87ee-3d90822f1007,api,google,False,1.0000,491,1.0000,unemployed,unknown,16.0000,15.0000,1
f8c8282b-33dd-4558-89c1-9eeb4650b433,api,olark_chat,False,0.0000,463,0.0000,unemployed,unknown,13.0000,15.0000,0
04dc59fe-0b35-4c37-bcac-58f7b5db52f9,landing_page_submission,direct_traffic,False,2.0000,1284,2.0000,unknown,other_metro_cities,13.0000,16.0000,1
cd051131-a637-48a7-b629-e49d98b9d084,landing_page_submission,direct_traffic,False,4.0000,18,4.0000,unknown,tier_ii_cities,13.0000,17.0000,0
1fb2c62f-401c-47c2-acc3-ce34d89f4e7d,landing_page_submission,google,False,4.0000,363,4.0000,unemployed,mumbai,15.0000,18.0000,1
d95f0584-4e20-4ad1-b3af-7b8dacb4aa23,landing_page_submission,direct_traffic,False,4.0000,1588,4.0000,unemployed,other_cities_of_maharashtra,16.0000,17.0000,1
5434ccf3-9de6-4c72-8dd6-66c2829d0ee2,landing_page_submission,direct_traffic,True,6.0000,357,2.0000,unknown,other_cities_of_maharashtra,13.0000,17.0000,0
c188919b-cf20-44fe-8737-fb399d2d3de7,landing_page_submission,google,False,3.0000,211,3.0000,unknown,mumbai,14.0000,18.0000,0
6ca84b0d-a8a8-47b2-8089-4e7f86673b8a,landing_page_submission,google,False,5.0000,1328,2.5000,unemployed,mumbai,15.0000,20.0000,1
d1cebc5e-47b1-40cd-b5d1-d8924bc23ee0,api,olark_chat,False,0.0000,177,0.0000,unknown,unknown,17.0000,15.0000,0
9917c522-e556-47ea-a5a0-cd9c6561536d,api,referral_sites,False,3.0000,193,1.5000,unknown,unknown,13.0000,13.0000,0
185adff7-47e3-4718-b4be-5376d8632043,api,google,False,2.0000,1607,2.0000,unknown,unknown,12.0000,15.0000,0
85347e60-fb6b-4f2f-87e1-0b5be1c33a59,landing_page_submission,referral_sites,False,6.0000,1505,6.0000,unknown,other_cities,16.0000,15.0000,1
2fbf0ac5-332b-484b-9b40-01002744b952,api,referral_sites,True,4.0000,839,4.0000,unknown,unknown,14.0000,13.0000,0
eaecfa88-1d6d-48b6-be9a-bafde2835aa9,landing_page_submission,google,False,4.0000,284,4.0000,unknown,mumbai,14.0000,18.0000,0
dc8c8714-73f8-4425-99a2-aac7e654bcb3,api,google,False,8.0000,978,2.0000,unemployed,mumbai,15.0000,16.0000,1
b660eaca-3509-486e-b1ae-b89bc8c31ee1,api,referral_sites,False,9.0000,367,3.0000,unknown,unknown,14.0000,13.0000,0
20b22657-df2c-4ad6-bf4f-3b1181060306,landing_page_submission,google,False,3.0000,1191,3.0000,unemployed,mumbai,14.0000,18.0000,0
a993bdd5-a36e-4bed-aeac-08ce89ecba77,api,google,False,2.0000,188,2.0000,unemployed,unknown,15.0000,15.0000,1
4b023dec-40b8-455b-8ac3-06aaa05973ad,landing_page_submission,google,False,2.0000,1595,2.0000,unemployed,thane_&_outskirts,13.0000,17.0000,0
f876362d-085a-487b-9a43-44d642308f73,landing_page_submission,direct_traffic,False,2.0000,70,2.0000,unknown,other_cities,14.0000,16.0000,0
b7b96f83-636c-4e37-8604-a539f30df67a,api,olark_chat,False,0.0000,0,0.0000,unemployed,unknown,15.0000,15.0000,0
e68e2ea2-3cad-4678-88bf-22979eebcd9e,api,google,False,4.0000,811,1.3300,working_professional,mumbai,14.0000,18.0000,1
966ae65d-99a5-44f5-8b5d-7cc05865eff6,api,referral_sites,False,9.0000,81,4.5000,unemployed,unknown,14.0000,13.0000,0
1c6bd735-d520-4f61-b1ef-372acaf885eb,landing_page_submission,organic_search,False,6.0000,634,6.0000,unknown,mumbai,14.0000,18.0000,0
fa96aa84-0370-4a54-9e0a-95681081c70d,landing_page_submission,direct_traffic,False,2.0000,190,2.0000,unknown,mumbai,13.0000,18.0000,0
eec2daa1-0864-42aa-8255-a3c4037ecc32,landing_page_submission,direct_traffic,False,2.0000,364,2.0000,unknown,mumbai,13.0000,18.0000,0
6338a25f-ec05-48fe-8451-367221cd6649,api,referral_sites,False,10.0000,198,3.3300,unknown,unknown,14.0000,13.0000,0
2436d735-8679-441e-913b-d2f68b93634a,api,google,False,3.0000,265,3.0000,unknown,unknown,14.0000,15.0000,0
14d90cba-83b5-482f-a1f8-31990974ae03,landing_page_submission,direct_traffic,False,2.0000,813,2.0000,unemployed,other_cities_of_maharashtra,14.0000,19.0000,1
f3a13be5-9efe-46e0-bf49-0188972c1502,landing_page_submission,google,False,5.0000,299,5.0000,unknown,mumbai,13.0000,18.0000,0
bb20672c-6320-4060-96af-b9bd3013162a,landing_page_submission,organic_search,True,5.0000,115,5.0000,unknown,other_metro_cities,14.0000,13.0000,0
21fad069-f4b9-4718-849e-797ee552b00d,api,google,False,5.0000,51,2.5000,unemployed,unknown,14.0000,15.0000,0
22d5ff8b-67b3-4f78-9830-b0ab3604122d,api,referral_sites,False,7.0000,1,7.0000,unemployed,unknown,13.0000,13.0000,0
672b0ae4-afab-47e2-a35e-3a65d15514af,api,google,False,2.0000,32,2.0000,unknown,unknown,13.0000,15.0000,0
c9bd7c7c-4096-4c18-9e0b-d9b1d98d7cb5,landing_page_submission,referral_sites,True,4.0000,124,4.0000,unknown,mumbai,13.0000,14.0000,0
2bd65d70-73ea-4897-8096-9d046d684470,landing_page_submission,google,False,3.0000,66,3.0000,unemployed,other_cities_of_maharashtra,14.0000,16.0000,0
07b33b59-5255-41d1-a9a8-2de1627f9574,api,google,False,3.0000,213,1.5000,unemployed,unknown,13.0000,15.0000,0
4d00b9be-fa39-44fd-8a9f-ed5960d80c77,api,google,False,1.0000,1203,1.0000,unemployed,mumbai,15.0000,18.0000,1
3e725134-38de-451b-9bc3-f90c6d8348f0,landing_page_submission,google,False,4.0000,92,4.0000,unemployed,thane_&_outskirts,13.0000,17.0000,0
848fef69-c5fe-4973-839e-863307cdc5bb,api,organic_search,False,3.0000,306,3.0000,unemployed,unknown,14.0000,15.0000,0
122a1c7b-7e93-471a-b800-f012f8ffa3b0,api,google,False,1.0000,151,1.0000,unemployed,unknown,14.0000,15.0000,0
cd16da52-333d-43b7-9fa6-97464be6a29f,api,google,False,5.0000,818,2.5000,unemployed,mumbai,15.0000,18.0000,1
1f63f671-6c0d-4e10-a48e-0926f63e5114,landing_page_submission,google,False,4.0000,32,4.0000,unknown,mumbai,14.0000,18.0000,0
57e75e79-c9e9-4c06-b3f5-9efa3bb20531,landing_page_submission,organic_search,False,5.0000,1016,2.5000,unemployed,other_metro_cities,15.0000,16.0000,1
6da85bec-7ebb-4b4e-917e-3c13a3d53f35,landing_page_submission,google,False,2.0000,169,2.0000,unknown,thane_&_outskirts,13.0000,17.0000,0
e513b4c2-444d-43b9-98aa-7c23db19b665,api,organic_search,False,2.0000,8,2.0000,unemployed,unknown,13.0000,15.0000,0
d03c8a90-212a-49f2-961f-bbe0c0b85013,landing_page_submission,direct_traffic,False,4.0000,1252,2.0000,working_professional,mumbai,15.0000,18.0000,1
f2dc2569-9a9b-4461-b2d2-b745221eab7c,landing_page_submission,direct_traffic,True,2.0000,122,2.0000,unemployed,thane_&_outskirts,15.0000,17.0000,0
e8dc8737-159d-42a1-acba-6322c2bf4da6,landing_page_submission,organic_search,False,4.0000,1505,4.0000,unknown,other_cities,14.0000,13.0000,0
56a8fdd1-0aac-449f-9bc1-2ee49cb35aa2,landing_page_submission,google,False,2.0000,33,2.0000,unknown,mumbai,13.0000,18.0000,0
37a153b1-8198-42c7-865e-7314ab78c8f2,landing_page_submission,organic_search,False,3.0000,1746,3.0000,unemployed,other_cities,16.0000,13.0000,1
3ba78b72-9178-48d7-90e4-99b5269b9c2a,landing_page_submission,google,False,5.0000,346,2.5000,unemployed,mumbai,14.0000,18.0000,0
eb7aa007-30b3-42bf-94f5-d11acc2bd304,landing_page_submission,direct_traffic,True,4.0000,1,4.0000,unknown,other_cities,13.0000,16.0000,0
13873f77-40fa-4bce-a003-039e18b94cfc,api,google,False,2.0000,1208,2.0000,unemployed,thane_&_outskirts,14.0000,16.0000,1
76de0596-35df-49b8-b0a9-9fa00392eb08,landing_page_submission,google,False,5.0000,425,5.0000,unknown,other_cities_of_maharashtra,13.0000,17.0000,0
65fb8bd5-8640-4428-9838-016231d82863,api,google,False,5.0000,1313,2.5000,unemployed,mumbai,14.0000,18.0000,1
6c38d823-a0fb-461a-ba70-6e69265340fd,landing_page_submission,direct_traffic,False,1.0000,27,1.0000,working_professional,mumbai,14.0000,18.0000,0
7995a0f7-1ccf-4ed2-ab58-84ead32cef00,landing_page_submission,google,False,4.0000,632,4.0000,unknown,mumbai,14.0000,18.0000,0
b6217713-ebad-4c6f-8cd6-086288e8743e,api,google,False,3.0000,506,1.5000,unknown,unknown,14.0000,15.0000,0
6de1dbac-93c4-408d-b835-ca4dd0adabfc,landing_page_submission,direct_traffic,False,2.0000,340,2.0000,unemployed,other_cities_of_maharashtra,14.0000,17.0000,1
0006d10a-eb01-4ba9-92e2-ad78588b2a40,api,google,False,4.0000,1596,4.0000,unemployed,unknown,15.0000,15.0000,0
2b309a9f-64f6-4d49-9cc5-6dc88333b70e,api,referral_sites,False,7.0000,103,3.5000,unknown,unknown,15.0000,13.0000,0
7a35e17e-9f9b-4a0a-ade5-cc1c3f47ead9,landing_page_submission,organic_search,False,8.0000,248,8.0000,unemployed,other_cities,15.0000,17.0000,1
16a997f7-a382-4cb5-b382-6a27c0a3d068,landing_page_submission,google,False,4.0000,328,4.0000,unknown,mumbai,14.0000,18.0000,0
b3f9afb0-ff83-4735-9e6c-d51d6f236fab,api,google,False,2.0000,1450,2.0000,unknown,unknown,13.0000,15.0000,0
4e85a82c-fff0-4de6-9c37-8b0609888736,lead_add_form,welingak_website,False,0.0000,0,0.0000,unemployed,mumbai,15.0000,18.0000,1
bae0d183-f390-4d1e-bcb9-e76ae0cfd888,api,referral_sites,False,4.0000,945,2.0000,unknown,unknown,13.0000,13.0000,1
2ccb407a-1cf0-4231-b15a-7ac8a6ad7f05,lead_add_form,reference,False,3.0000,1764,3.0000,unemployed,mumbai,14.0000,20.0000,1
facbd0ac-58fe-407b-9778-60ae8b5ff12a,landing_page_submission,google,False,3.0000,139,3.0000,unknown,other_cities_of_maharashtra,14.0000,17.0000,0
76bf5867-9c2b-48d2-afed-109799e93cb2,api,referral_sites,False,3.0000,403,3.0000,unemployed,unknown,14.0000,13.0000,0
d108368c-b584-4ff1-9cbb-a36d88c075bc,api,olark_chat,False,0.0000,0,0.0000,unknown,unknown,15.0000,15.0000,0
c1d6887d-1979-4665-8937-1eaee7c9333c,landing_page_submission,google,False,1.0000,583,1.0000,unemployed,other_cities,14.0000,13.0000,0
d95f0a67-4d8f-48c7-82f3-214d834f042f,api,organic_search,False,3.0000,1392,3.0000,unknown,unknown,15.0000,15.0000,0
9f27df1d-8059-45d0-9dc6-cd966ba7e2b2,landing_page_submission,direct_traffic,False,2.0000,1613,2.0000,unknown,mumbai,13.0000,18.0000,0
be4c7a7b-f123-42f2-8868-a005c83a1576,lead_add_form,reference,False,0.0000,0,0.0000,unemployed,mumbai,11.0000,20.0000,0
fb568566-74c7-4c3c-b476-78c1a8f2966b,landing_page_submission,google,False,5.0000,285,5.0000,unemployed,mumbai,14.0000,18.0000,1
78e4dbb1-cef6-4905-817f-2a5946e371b3,landing_page_submission,referral_sites,False,13.0000,263,2.6000,unemployed,mumbai,16.0000,17.0000,0
76d6c186-bb42-4d0b-8782-421158f26919,api,google,False,5.0000,1662,2.5000,unemployed,unknown,13.0000,15.0000,0
810262a9-338c-4146-b726-fa51395ce1f1,api,referral_sites,False,3.0000,303,3.0000,unemployed,unknown,13.0000,13.0000,0
06d9c754-6ad1-4223-8952-41ff1f9be74b,api,olark_chat,False,0.0000,0,0.0000,unemployed,thane_&_outskirts,16.0000,14.0000,1
5ebcc1a8-7c88-4098-83b0-f50d785774a7,landing_page_submission,google,False,5.0000,444,5.0000,unemployed,mumbai,14.0000,18.0000,1
6dd508f0-f193-41da-b9b9-e523878245fa,landing_page_submission,direct_traffic,False,2.0000,11,2.0000,unknown,mumbai,13.0000,15.0000,0
4d326e21-3851-4f19-ba4d-66d82112bde6,landing_page_submission,google,False,6.0000,1623,6.0000,student,mumbai,14.0000,18.0000,0
7ff640a5-4909-411f-a63b-2b66bfd26912,api,google,False,4.0000,213,4.0000,unemployed,unknown,14.0000,15.0000,0
4c86a0b5-59a4-418a-9cf8-8a6ad3ed2331,landing_page_submission,google,False,2.0000,7,2.0000,unknown,other_cities,13.0000,16.0000,0
bce974b9-0fe7-4d85-96e2-2e11408c0ad1,api,organic_search,False,7.0000,9,7.0000,unknown,unknown,15.0000,15.0000,0
01d0e5ed-bd8c-4b0d-a33f-7d59dc0fc528,api,google,False,9.0000,102,3.0000,unemployed,mumbai,14.0000,16.0000,0
91d6d68b-393f-4345-8f0a-66db653f3ee2,api,referral_sites,False,4.0000,1203,2.0000,unemployed,unknown,13.0000,13.0000,0
9b7ac744-aa49-4b69-b286-6432332984c3,landing_page_submission,google,False,3.0000,1160,3.0000,unemployed,mumbai,15.0000,18.0000,1
c43139b7-1bf2-4f04-a089-9298abd59621,landing_page_submission,google,False,10.0000,59,3.3300,student,thane_&_outskirts,14.0000,19.0000,0
23e7a38d-5c89-4516-b818-b25b78f8924d,api,olark_chat,False,0.0000,0,0.0000,unknown,unknown,16.0000,15.0000,0
427bcec5-4598-439c-b78f-47d89a7d385b,api,google,False,1.0000,87,1.0000,unemployed,unknown,14.0000,15.0000,0
1adcdfff-19db-4855-9f41-ddd14b9da43f,api,google,False,4.0000,49,4.0000,working_professional,mumbai,16.0000,18.0000,1
2dcf9f51-1ab0-499c-ac01-5f606dfc85f6,api,google,False,1.0000,94,1.0000,unemployed,unknown,14.0000,15.0000,0
b6d35d6a-a5e8-4ef8-8c16-63de7d06188a,api,google,False,4.0000,225,2.0000,unemployed,mumbai,9.0000,16.0000,0
bd03ee9c-a2dd-4bb1-a329-3a98cc83043e,api,organic_search,False,19.0000,415,4.7500,unknown,unknown,18.0000,15.0000,0
71abbcb0-ea53-4e29-affd-7ab4151a41a8,landing_page_submission,google,False,4.0000,1120,4.0000,unemployed,mumbai,15.0000,18.0000,1
acd055c8-8cdc-437f-b725-89da182500ee,landing_page_submission,google,False,3.0000,334,3.0000,unknown,mumbai,13.0000,18.0000,0
f445613b-089f-4715-9d4d-def14fb26bdc,landing_page_submission,google,False,4.0000,342,4.0000,unknown,other_metro_cities,13.0000,13.0000,0
69402df3-ec49-4e3d-95f7-4b60034e1168,api,google,False,7.0000,49,7.0000,unemployed,unknown,14.0000,15.0000,0
d65b9f53-4519-463a-8671-8a58edaa953b,landing_page_submission,direct_traffic,False,4.0000,34,2.0000,unemployed,other_cities,13.0000,16.0000,0
b2b5c39c-1c13-4714-87ac-8fd4fcbace6e,api,organic_search,False,3.0000,271,1.5000,unemployed,unknown,15.0000,15.0000,0
475bb10e-c84d-49fa-a21b-fac6fcae3e7b,api,olark_chat,True,0.0000,0,0.0000,unknown,unknown,15.0000,15.0000,0
a3e9d54a-8968-4f95-aac0-caa3f8e55b73,landing_page_submission,organic_search,False,14.0000,1747,1.2700,unemployed,mumbai,15.0000,18.0000,0
8b366481-fab0-42c7-bfa2-e8ebccc070ae,landing_page_submission,google,False,3.0000,779,3.0000,unknown,mumbai,14.0000,18.0000,1
ad5bc28c-0aaa-4cad-adf5-ff7b6670c645,landing_page_submission,direct_traffic,False,2.0000,980,2.0000,unknown,mumbai,13.0000,18.0000,1
fcc17c60-198c-4367-af01-23f81341b95a,landing_page_submission,organic_search,False,3.0000,121,3.0000,unknown,unknown,14.0000,17.0000,0
d450836a-cb34-48b7-bad7-9acb7da45843,landing_page_submission,google,False,6.0000,14,3.0000,unemployed,mumbai,14.0000,15.0000,0
4e30d5ad-97b3-4fdb-bb8a-fb1e83cfe655,landing_page_submission,organic_search,False,5.0000,1254,5.0000,unemployed,other_cities_of_maharashtra,14.0000,17.0000,1
2242a03b-593f-4726-b8ba-6b79b2251e59,api,referral_sites,False,13.0000,24,6.5000,unknown,unknown,12.0000,13.0000,0
f54767a6-eb95-432e-8dae-232e6ff86ec9,api,olark_chat,False,0.0000,0,0.0000,unknown,unknown,15.0000,15.0000,1
db85c73a-b1ec-419c-aba3-8d4035961bae,landing_page_submission,google,False,4.0000,2,4.0000,unknown,mumbai,14.0000,18.0000,0
782f5ce4-d64d-4458-9f15-ab099ca3f6c4,api,google,False,3.0000,981,3.0000,working_professional,other_cities,14.0000,15.0000,1
2c7a9f29-25da-4729-a4a3-fc5583ca1cd7,api,google,False,3.0000,717,1.5000,working_professional,mumbai,15.0000,18.0000,1
124ef272-0629-40bf-8faa-a0e10b69e076,landing_page_submission,google,False,2.0000,1058,2.0000,unemployed,mumbai,12.0000,18.0000,0
50750f97-0901-418d-bc4d-0d085fc7cb1c,landing_page_submission,direct_traffic,False,4.0000,977,4.0000,unknown,thane_&_outskirts,14.0000,17.0000,0
a50571c2-a35f-42e4-9cfb-0308c0c05e4a,landing_page_submission,google,False,8.0000,1335,8.0000,unemployed,mumbai,15.0000,18.0000,1
120b8625-5b67-4ab7-8150-c26658211237,landing_page_submission,google,False,8.0000,1148,4.0000,working_professional,mumbai,16.0000,20.0000,1
8ef0bad7-e2e2-40cf-ba3f-a8390b8c024e,landing_page_submission,google,False,4.0000,243,4.0000,unknown,mumbai,14.0000,18.0000,0
1be2f9f8-6c6b-49ba-ada1-79b90a8bab3e,api,google,False,8.0000,501,2.6700,unemployed,unknown,14.0000,15.0000,0
47a07ea2-1f05-4805-8196-3836d3b26680,landing_page_submission,direct_traffic,False,2.0000,72,2.0000,unknown,thane_&_outskirts,12.0000,14.0000,0
dc792213-2d4e-47ba-a2df-16aa7ec0b8ac,api,olark_chat,False,0.0000,0,0.0000,unknown,unknown,17.0000,15.0000,0
499b989d-6151-4c90-97dc-ec3958a79818,landing_page_submission,organic_search,False,10.0000,869,5.0000,unknown,mumbai,13.0000,18.0000,0
2b8ff598-58ef-40af-b2ee-c734f844c965,landing_page_submission,google,False,9.0000,1342,3.0000,unemployed,mumbai,14.0000,18.0000,1
42e5f620-5791-47d8-b0ca-e66c7667a8da,api,google,False,2.0000,369,2.0000,unknown,unknown,14.0000,15.0000,0
f1872c82-304b-4399-8996-95d603f750b3,api,olark_chat,False,0.0000,0,0.0000,unemployed,unknown,17.0000,15.0000,0
dc7b3ff1-42b3-43f6-8daf-f67ca286d53d,landing_page_submission,google,False,4.0000,168,4.0000,unknown,thane_&_outskirts,14.0000,14.0000,0
570cefed-7494-4221-817a-22a8f8922c6b,landing_page_submission,direct_traffic,False,4.0000,1298,4.0000,unemployed,mumbai,15.0000,20.0000,1
3f39d271-b9e8-4de4-8b0a-9dc1ca31bb53,landing_page_submission,google,False,2.0000,426,2.0000,unknown,thane_&_outskirts,13.0000,17.0000,0
8e2a6a89-feb8-4e6a-ad92-156fe2ab14a3,landing_page_submission,google,False,6.0000,294,6.0000,unknown,mumbai,16.0000,18.0000,1
ae5f6662-457b-4221-b9f8-3d2a2213cd9d,lead_add_form,welingak_website,False,0.0000,0,0.0000,unemployed,other_cities,14.0000,16.0000,1
60fa08e4-6b7e-4543-8f40-03358f54cdc7,api,referral_sites,False,5.0000,255,5.0000,unemployed,unknown,11.0000,14.0000,0
863b4764-b6fa-4164-98e7-b45d92259c32,api,google,False,2.0000,1300,2.0000,unemployed,unknown,14.0000,15.0000,1
856fd959-07ed-45f6-aa4b-32619994bd9d,api,olark_chat,False,0.0000,0,0.0000,unemployed,unknown,14.0000,15.0000,1
cf7988d8-0656-4592-ac60-1ae6dcd8c543,api,google,False,4.0000,54,4.0000,unknown,unknown,15.0000,15.0000,0
af43d5d2-00c0-4c4d-9bb0-97df60ea7b4a,lead_add_form,reference,False,0.0000,0,0.0000,working_professional,unknown,15.0000,19.0000,1
3d4e3232-8041-44e4-bb45-5314e33a2bd8,lead_add_form,reference,False,0.0000,0,0.0000,unemployed,unknown,14.0000,17.0000,1
b982ddc3-5f08-4749-a85e-dd74b03fd945,lead_add_form,reference,False,0.0000,0,0.0000,working_professional,other_cities,14.0000,13.0000,0
73bc0df6-64f5-4ae3-9e19-c0efc2f949c1,lead_add_form,reference,False,0.0000,0,0.0000,unemployed,unknown,14.0000,19.0000,1
1e8b9333-dcac-4e7b-8ff1-6cdbe9726db0,api,google,False,1.0000,300,1.0000,unemployed,unknown,14.0000,15.0000,0
31394183-a555-4a94-8595-5429cec4bdf0,api,google,False,13.0000,9,3.2500,unemployed,unknown,15.0000,15.0000,0
ba6ac56a-0d13-494d-9fd8-0ce0cb4ee193,api,olark_chat,False,0.0000,0,0.0000,unemployed,unknown,16.0000,15.0000,1
41756e8c-ec38-4190-8751-e24c1042f54c,landing_page_submission,organic_search,False,5.0000,115,5.0000,unemployed,mumbai,14.0000,18.0000,0
44cf6fee-4967-43ec-91b4-346f1108b46c,landing_page_submission,google,False,6.0000,779,3.0000,unknown,mumbai,13.0000,18.0000,0
9f7b3110-8259-4fa1-85c8-68cbcba02396,api,google,False,3.0000,1007,1.5000,unemployed,unknown,15.0000,15.0000,1
c4299137-5b37-4724-ae66-3476838145a2,api,olark_chat,False,0.0000,0,0.0000,unknown,unknown,17.0000,15.0000,0
4cb2a48d-e9d2-4845-acb1-baaad08c8c07,lead_add_form,reference,False,16.0000,1570,5.3300,working_professional,unknown,17.0000,17.0000,1
638fecaf-4479-4dd0-8785-cfb9e492d817,landing_page_submission,google,False,11.0000,2069,5.5000,working_professional,mumbai,16.0000,18.0000,1
08f4a4f0-08c2-4bbb-a12f-5b5b3f4a2062,api,olark_chat,False,0.0000,0,0.0000,unemployed,unknown,15.0000,15.0000,0
e061de96-e40c-4d65-a504-745b15c787c3,api,google,False,9.0000,176,1.8000,unknown,unknown,14.0000,15.0000,0
746e8acf-ff09-4dff-9ce1-475588b005b9,lead_add_form,welingak_website,False,0.0000,0,0.0000,unemployed,unknown,15.0000,15.0000,1
074b57ad-1d96-46aa-8d47-864f4c199706,api,google,False,3.0000,97,3.0000,unknown,unknown,10.0000,15.0000,0
3c72ca59-a9f5-4723-afaa-263948196e31,api,google,False,6.0000,442,6.0000,working_professional,unknown,15.0000,15.0000,1
1d00ce3a-3f2d-4478-b88c-1517ecc35247,landing_page_submission,google,False,3.0000,271,3.0000,unknown,mumbai,14.0000,18.0000,0
ad9ede34-d1f0-4135-b734-12c2920fc674,api,google,False,1.0000,258,1.0000,unknown,unknown,14.0000,15.0000,0
39937239-829a-4741-aced-a7edc27822e7,landing_page_submission,google,False,4.0000,1277,4.0000,unknown,mumbai,14.0000,18.0000,0
7e942f06-0d42-4444-bb24-dcf5f76c7e2c,api,referral_sites,False,2.0000,480,1.0000,unemployed,unknown,14.0000,13.0000,0
b67b2aef-02c7-4d47-970a-b84b2ef8d15a,landing_page_submission,google,False,6.0000,605,2.0000,working_professional,mumbai,14.0000,15.0000,1
090754e0-f007-4b16-845c-641ce1237585,api,olark_chat,False,0.0000,0,0.0000,unknown,unknown,16.0000,15.0000,0
1802e701-ab49-448f-88a3-46db31b42e71,api,olark_chat,False,5.0000,968,1.2500,unemployed,other_cities,13.0000,14.0000,1
bac211dd-6c27-4b17-bd5d-8892f6763fbb,landing_page_submission,google,False,4.0000,1452,4.0000,unemployed,thane_&_outskirts,15.0000,17.0000,0
f5fff4f3-2de4-4176-967f-d8e50e25ab29,api,olark_chat,False,0.0000,0,0.0000,working_professional,unknown,15.0000,15.0000,1
132cf967-6862-4e27-a343-2ca332083dec,landing_page_submission,google,False,3.0000,1198,3.0000,unknown,mumbai,13.0000,18.0000,0
39972c87-418f-4291-89f1-f6496cd4ef9c,api,google,False,2.0000,1334,2.0000,working_professional,thane_&_outskirts,15.0000,17.0000,1
b2dfb7a5-814d-465b-816e-63d6b3a863ca,lead_add_form,unknown,True,0.0000,1378,0.0000,unemployed,unknown,14.0000,16.0000,1
82af59c3-32ae-4174-975a-872b88526a08,api,organic_search,False,10.0000,65,5.0000,unemployed,unknown,14.0000,15.0000,0
6dd62538-2a50-482a-a2d8-6a8a753f1e48,api,organic_search,False,2.0000,454,2.0000,working_professional,unknown,14.0000,15.0000,1
11cb44c5-d45b-41b9-aa03-f0084d319416,lead_add_form,reference,False,0.0000,0,0.0000,unemployed,thane_&_outskirts,14.0000,19.0000,1
a7b064a7-1901-4ca4-8bac-5c5ab0a6bf15,api,referral_sites,False,13.0000,1097,6.5000,unemployed,unknown,17.0000,13.0000,1
6a3f82ae-67e0-4208-9959-d667af6b605b,lead_add_form,reference,False,0.0000,0,0.0000,unemployed,other_cities,15.0000,18.0000,1
a51a4dc1-5260-42ab-94f5-0dfddee58c76,api,referral_sites,False,7.0000,166,7.0000,unknown,unknown,15.0000,13.0000,0
65fcfe84-c16d-4ad0-8a93-0bd38590dce7,api,google,False,5.0000,1577,5.0000,unemployed,unknown,15.0000,15.0000,1
403e80b7-da91-486d-981a-a3db2acd267d,api,organic_search,False,1.0000,143,1.0000,unemployed,unknown,14.0000,15.0000,0
2f841572-a110-421d-932a-28beffe5d479,api,google,False,6.0000,234,6.0000,unknown,unknown,14.0000,15.0000,0
e4234e9b-1119-4b04-98b0-20db3010cac6,lead_add_form,reference,False,0.0000,0,0.0000,unemployed,thane_&_outskirts,15.0000,19.0000,1
35427186-edd5-470e-a386-47ae4fd6fe19,landing_page_submission,google,False,5.0000,87,2.5000,unknown,mumbai,14.0000,18.0000,0
2cb66fac-4933-452e-8afe-daa9cf778401,landing_page_submission,direct_traffic,False,3.0000,1662,3.0000,unemployed,mumbai,15.0000,20.0000,1
176276e4-0127-47bd-b1d2-e79a6da5dda6,api,google,False,12.0000,68,3.0000,unknown,mumbai,15.0000,13.0000,0
d638f2b3-bb29-4a6f-b4ea-8caa2ee15dee,landing_page_submission,google,False,3.0000,829,1.5000,unknown,mumbai,13.0000,18.0000,0
ae009311-e20b-4df0-9124-eb13f31d0b08,api,google,False,2.0000,1142,1.0000,unemployed,unknown,14.0000,15.0000,1
f5c64548-fd2d-48e0-9a9b-992bc0bce87d,api,olark_chat,False,0.0000,0,0.0000,unknown,unknown,17.0000,15.0000,0
188edb43-a4c9-48e3-9b8b-bbddc32a419c,api,google,False,6.0000,305,3.0000,unemployed,unknown,16.0000,15.0000,1
7f3dbe48-0ba6-46bc-8c63-13b5a21152d9,landing_page_submission,organic_search,False,4.0000,1652,4.0000,unemployed,mumbai,15.0000,18.0000,1
420d65de-5f10-4f94-beec-31434579ad8a,api,organic_search,False,5.0000,1092,5.0000,unknown,unknown,14.0000,15.0000,1
cbc292d8-752f-47ea-92c6-07d4247638d5,landing_page_submission,google,False,3.0000,201,3.0000,unknown,mumbai,13.0000,18.0000,0
52362ee9-2e5c-41cf-802f-c17642f8a6d2,landing_page_submission,organic_search,False,5.0000,1326,5.0000,unknown,thane_&_outskirts,14.0000,17.0000,0
a2097a67-8144-4e1e-a2a2-7f7f8e355765,landing_page_submission,google,False,3.0000,293,3.0000,unknown,mumbai,12.0000,18.0000,0
d73236a1-1564-488c-ae10-caf8d1b47371,api,google,False,3.0000,1126,1.5000,unemployed,thane_&_outskirts,15.0000,14.0000,1
61f9826b-2916-46ff-9b3a-6ac37582ff5f,landing_page_submission,google,False,3.0000,179,3.0000,unemployed,other_cities,12.0000,16.0000,0
dd52a76e-45fa-4f2a-8b4f-5efc50b395db,api,google,False,2.0000,193,2.0000,unknown,unknown,14.0000,15.0000,0
b6346754-c3aa-4a3f-a2c4-dfcae37c00ad,api,google,False,2.0000,168,2.0000,unknown,unknown,14.0000,15.0000,0
f2366dee-0d24-4656-9613-c1cc5ffebc3f,api,referral_sites,False,3.0000,186,3.0000,unemployed,unknown,15.0000,13.0000,0
967124de-1aa1-451c-9851-5a44bc7b23a0,api,olark_chat,False,0.0000,0,0.0000,unemployed,unknown,15.0000,15.0000,1
34a7a87b-b2b8-4881-99f9-8db3ca96bbcb,landing_page_submission,direct_traffic,False,3.0000,238,3.0000,unknown,other_metro_cities,14.0000,16.0000,0
2ddb1ac9-7afa-457f-9fc6-976281d5e75e,api,google,True,3.0000,233,3.0000,unemployed,unknown,12.0000,15.0000,0
cc430e48-ab52-4429-9848-3fc3311a502d,api,google,False,2.0000,121,2.0000,unknown,unknown,13.0000,15.0000,0
81346bcb-3515-4ce7-be65-dbe71881005f,landing_page_submission,direct_traffic,False,7.0000,834,3.5000,unemployed,thane_&_outskirts,14.0000,19.0000,1
a570e684-cc6b-442e-880e-90ac83d156b3,api,google,False,4.0000,50,1.3300,unemployed,mumbai,12.0000,16.0000,0
ebfc81ea-7a75-4c5c-96a0-e9e76166e00c,api,direct_traffic,True,2.0000,396,2.0000,unknown,unknown,14.0000,15.0000,0
6cba258f-5987-4522-a54b-333cf536bb58,landing_page_submission,google,False,5.0000,376,5.0000,unemployed,other_metro_cities,13.0000,16.0000,0
26f0b61c-b971-4dde-b6fa-b09a7748bf92,landing_page_submission,organic_search,False,4.0000,1104,4.0000,unemployed,other_metro_cities,15.0000,13.0000,1
1cd0f766-86cb-4264-90e3-0b3a6c94db34,api,direct_traffic,True,2.0000,297,2.0000,unemployed,unknown,13.0000,15.0000,0
93f9fdc6-8a85-40f2-b9ef-19ecf0e3dd1b,api,organic_search,False,6.0000,1276,3.0000,unemployed,other_cities,16.0000,16.0000,1
3bfccb90-3df4-4ebe-9a4e-8557e09327a0,landing_page_submission,google,False,5.0000,75,2.5000,unemployed,other_cities,13.0000,16.0000,0
135ee1fe-3345-4ac6-8da9-ef70ede6d3ff,api,olark_chat,False,0.0000,0,0.0000,unemployed,unknown,16.0000,15.0000,1
2a03aea0-e2d1-4cc7-966a-9e23d4b64109,api,organic_search,False,5.0000,893,5.0000,unemployed,unknown,15.0000,15.0000,1
45f09215-9028-40cf-b8be-67c5cec92695,landing_page_submission,google,True,3.0000,89,3.0000,unknown,mumbai,14.0000,18.0000,0
dead4c87-b79a-4aea-876e-11cd927ea36b,api,olark_chat,False,3.0000,645,1.0000,unknown,unknown,12.0000,15.0000,0
0de4e0f3-ef93-4d7f-9de5-e7caa32b7628,landing_page_submission,google,False,4.0000,638,4.0000,working_professional,mumbai,14.0000,15.0000,1
dbcde5e4-cc6b-4057-9b38-1da8da311e99,landing_page_submission,google,False,4.0000,938,4.0000,unemployed,mumbai,14.0000,18.0000,0
56cdd459-8c24-4340-87d7-c778f39ee108,landing_page_submission,google,False,6.0000,296,6.0000,unknown,mumbai,14.0000,18.0000,0
7d71dc29-8305-4e2b-b503-c67aa42caa11,landing_page_submission,google,False,5.0000,120,5.0000,unemployed,mumbai,13.0000,18.0000,0
9379f0da-25a6-4b47-a192-b7e4eb6b04a8,landing_page_submission,organic_search,False,9.0000,1047,9.0000,working_professional,tier_ii_cities,15.0000,14.0000,1
eaa3e113-08d4-4eaf-b0f6-9f1795b58de4,api,direct_traffic,True,8.0000,88,8.0000,unknown,unknown,15.0000,15.0000,0
da29a16f-2c08-445f-a211-eed649a68c11,api,organic_search,False,2.0000,602,2.0000,unemployed,unknown,14.0000,15.0000,0
49ba50c5-0f66-4c9f-bcf8-ab64a79dd9ba,landing_page_submission,google,False,6.0000,168,2.0000,unemployed,thane_&_outskirts,14.0000,19.0000,1
27d1ebd2-606c-4e03-9424-70fa440b4478,landing_page_submission,google,False,4.0000,1051,4.0000,unemployed,mumbai,14.0000,18.0000,0
67439ead-a956-4cfb-b088-99f43aab67ea,landing_page_submission,google,False,4.0000,854,4.0000,working_professional,other_cities_of_maharashtra,14.0000,17.0000,1
1dea243c-52f5-4410-86db-8d1ef8b9be2c,api,google,False,7.0000,1762,7.0000,unemployed,unknown,14.0000,15.0000,0
9160a406-6fce-44d7-b2cf-01d5689578cc,landing_page_submission,referral_sites,False,4.0000,453,2.0000,unemployed,mumbai,15.0000,16.0000,1
4377b169-87ec-484c-abf8-c06b3ec21e65,landing_page_submission,google,False,6.0000,1966,6.0000,unemployed,other_cities_of_maharashtra,13.0000,17.0000,1
252f001b-f0c4-4323-8315-7f0ed545a4b2,api,google,False,2.0000,1494,2.0000,unemployed,unknown,13.0000,14.0000,0
88a022f6-5541-44a5-bd24-93704ed19295,landing_page_submission,organic_search,False,8.0000,36,2.0000,unknown,other_cities,14.0000,16.0000,0
435cb827-db56-4301-9f5e-14e1be5a9ffd,landing_page_submission,direct_traffic,False,5.0000,887,2.5000,unemployed,mumbai,13.0000,18.0000,0
63a3d091-41ab-45a8-ad0b-3efdb4647a42,landing_page_submission,direct_traffic,False,18.0000,59,2.5700,unemployed,other_cities,14.0000,16.0000,1
baeb2f65-f796-4269-8cf1-54601cb1edcc,landing_page_submission,referral_sites,False,5.0000,331,1.6700,unknown,other_cities,14.0000,12.0000,0
3fe5e40b-545d-42ae-bb84-181bc4d45ebe,landing_page_submission,google,False,2.0000,164,2.0000,unemployed,mumbai,14.0000,18.0000,0
66cc8cf6-0689-4a1c-845a-aeaf9143650c,api,google,False,2.0000,1585,2.0000,working_professional,unknown,15.0000,16.0000,1
629098ae-dde2-4ba4-a7c1-7343dd7f2a17,landing_page_submission,google,False,5.0000,1169,5.0000,unemployed,mumbai,14.0000,18.0000,1
daa35566-8fc8-47d2-9b2b-9aa9fd23523c,landing_page_submission,organic_search,False,4.0000,1425,4.0000,unemployed,mumbai,15.0000,18.0000,1
0020b1d4-5bce-49b2-b8e3-0e04b5b0be5a,landing_page_submission,google,False,8.0000,1071,8.0000,unemployed,thane_&_outskirts,14.0000,17.0000,0
209f2abd-fe9b-4707-9556-1a86d2ebce91,landing_page_submission,google,False,4.0000,12,4.0000,unknown,mumbai,13.0000,18.0000,0
f4a95990-e8fc-46e5-8e82-cc1eb93b3694,api,organic_search,False,3.0000,180,3.0000,unknown,unknown,14.0000,15.0000,0
0a80f999-708f-4abb-8508-591f6ef2829d,api,google,False,2.0000,271,1.0000,unemployed,unknown,14.0000,14.0000,0
521b12d0-b8ff-42f9-9ce1-ac6daa07797f,landing_page_submission,organic_search,False,4.0000,139,4.0000,unknown,other_cities,16.0000,16.0000,0
ceb2b9e9-9a24-47e8-bf2b-9dadcd3f8e46,landing_page_submission,google,False,3.0000,781,3.0000,unemployed,mumbai,16.0000,18.0000,1
d61d6410-bad1-4bc2-a3a3-78a3c3c02bad,landing_page_submission,organic_search,False,9.0000,338,2.2500,unknown,mumbai,14.0000,18.0000,0
f26a5ae1-e85a-4690-982a-c16d4f1f98a4,api,olark_chat,False,0.0000,0,0.0000,unknown,unknown,17.0000,15.0000,0
465a6156-4ea4-47e4-85fe-7e8afa1c916e,api,google,False,3.0000,117,1.5000,unemployed,unknown,15.0000,15.0000,1
4ab47065-196e-445e-8080-95d39045a487,api,direct_traffic,False,7.0000,1028,3.5000,unemployed,unknown,14.0000,15.0000,0
6c958747-6f43-45ae-aec2-546de11e4711,landing_page_submission,organic_search,False,6.0000,406,3.0000,unemployed,mumbai,12.0000,15.0000,0
e2f5af78-449c-4d9f-b5fd-de82f0db7224,api,google,False,12.0000,341,3.0000,unemployed,unknown,16.0000,15.0000,1
5c658b23-0bad-4c5d-ae7d-9c7f626215d3,api,olark_chat,False,0.0000,0,0.0000,unemployed,unknown,13.0000,15.0000,1
ea7e2a1e-be23-4050-b1f3-996ac151a5c8,landing_page_submission,google,False,2.0000,250,2.0000,unknown,thane_&_outskirts,13.0000,17.0000,0
002da94e-b168-4e27-bdeb-a0da92666434,landing_page_submission,direct_traffic,False,4.0000,171,2.0000,unemployed,unknown,15.0000,16.0000,0
d0acaf28-d22e-4991-ae5d-150d7ec8c4a8,api,organic_search,False,13.0000,78,2.1700,unknown,mumbai,15.0000,16.0000,0
1611faaf-26d4-4ba9-bac3-66be18051876,lead_add_form,welingak_website,True,0.0000,0,0.0000,unemployed,unknown,15.0000,15.0000,1
096fbe99-99be-48a1-90b2-f7ff9f9755f2,landing_page_submission,google,False,7.0000,60,3.5000,unemployed,mumbai,11.0000,20.0000,0
c86928a7-28bc-4762-8606-aa5f2965ac07,api,olark_chat,False,0.0000,0,0.0000,unknown,unknown,17.0000,15.0000,0
67c56daa-f6b1-4e64-bcea-8fe0b2a3e36d,api,referral_sites,False,2.0000,494,2.0000,unemployed,unknown,13.0000,13.0000,0
25bd7bd2-e2b8-4017-8691-c81e35c9fa8e,api,google,False,11.0000,1551,2.7500,unemployed,unknown,16.0000,15.0000,1
059777fc-6c68-45a3-b24c-1fd12fe99460,api,google,False,2.0000,1499,1.0000,unemployed,unknown,16.0000,15.0000,1
8be83f50-f153-47d4-872a-d84667f1fe2c,landing_page_submission,organic_search,False,8.0000,266,8.0000,unemployed,mumbai,14.0000,15.0000,0
ecac6752-d6a4-4dda-a7e5-6464fb71ad5e,api,google,False,6.0000,1117,6.0000,unemployed,other_cities_of_maharashtra,14.0000,15.0000,1
ca1bf6bc-2fcf-4779-bdbe-cbf6f3f4c5e4,landing_page_submission,blog,False,4.0000,677,4.0000,unknown,unknown,14.0000,16.0000,0
4bae149e-3b30-4262-8f78-50685d52125b,api,google,False,3.0000,388,1.5000,unemployed,unknown,17.0000,15.0000,0
20149054-88d0-4d18-9573-8cf3d657da89,api,google,False,14.0000,63,2.8000,businessman,unknown,13.0000,14.0000,0
75145cf2-df48-444b-a034-180a737eb212,api,olark_chat,False,0.0000,0,0.0000,unknown,unknown,17.0000,15.0000,0
bc752f87-cc7e-4885-9211-68259fde2541,landing_page_submission,organic_search,False,3.0000,519,3.0000,unemployed,other_cities_of_maharashtra,15.0000,17.0000,0
bf1dbdcf-7ad6-469e-804b-2c17e6edaa53,landing_page_submission,google,False,4.0000,137,4.0000,unemployed,mumbai,13.0000,18.0000,0
693f98c6-2f45-46e9-bba1-d241541b1faa,api,olark_chat,False,0.0000,0,0.0000,unknown,unknown,17.0000,15.0000,0
9c3671b3-b4d0-40cc-ada9-aba0a3b9a456,api,google,False,3.0000,984,3.0000,unemployed,unknown,14.0000,15.0000,0
dcfeff2a-9cc8-460a-8db0-00da20a1bc9b,landing_page_submission,google,False,3.0000,1224,3.0000,working_professional,thane_&_outskirts,15.0000,17.0000,1
6d398ad4-8a00-46e1-b244-f58eed706525,landing_page_submission,google,False,3.0000,911,3.0000,unemployed,mumbai,14.0000,17.0000,1
234320c2-fce5-4dfd-862e-c609eb4765b3,lead_add_form,olark_chat,False,2.0000,1582,2.0000,unemployed,unknown,15.0000,17.0000,1
01b9f473-3609-4846-a0e4-ddcd1f6170ae,landing_page_submission,direct_traffic,False,9.0000,942,1.8000,unemployed,mumbai,14.0000,18.0000,0
52fe1b3c-c00a-4039-8811-b9eb2a1b8ac4,landing_page_submission,direct_traffic,False,5.0000,1534,2.5000,unknown,other_cities,13.0000,16.0000,1
70b2eb1c-5df5-46b6-b785-d95cd6b5885d,api,google,False,2.0000,1303,2.0000,working_professional,unknown,15.0000,12.0000,1
11aaf317-3767-4056-82a5-fc14569838d1,api,google,False,2.0000,297,2.0000,unemployed,mumbai,12.0000,16.0000,0
84c63cf2-7d4a-41e5-a679-b3546eed5a2d,lead_add_form,reference,False,0.0000,0,0.0000,unemployed,unknown,15.0000,17.0000,1
9a02fe20-be3d-4a67-a7a5-e8ce6ae0393c,landing_page_submission,organic_search,False,7.0000,1471,3.5000,unemployed,mumbai,15.0000,18.0000,1
48af1f76-3059-4848-9dd2-d787a77285e9,api,google,False,4.0000,1048,1.3300,working_professional,unknown,15.0000,16.0000,1
ce3d4eb1-667e-420f-b4b3-70eddc93efab,landing_page_submission,google,False,4.0000,610,4.0000,unemployed,mumbai,14.0000,20.0000,1
216c0927-2b47-47c6-ae15-fc54a05ecf9b,api,google,False,3.0000,415,3.0000,unemployed,unknown,13.0000,15.0000,0
777d2515-994d-418d-8a2a-cc6188dd66d4,landing_page_submission,organic_search,False,3.0000,560,3.0000,unknown,other_cities,13.0000,13.0000,0
b250f92d-dff2-4639-8b71-ea9e73cdc518,landing_page_submission,google,False,2.0000,1704,2.0000,unemployed,mumbai,13.0000,18.0000,1
967e5613-3979-4907-915a-fd978a7dd1be,landing_page_submission,direct_traffic,False,10.0000,918,3.3300,working_professional,mumbai,14.0000,18.0000,1
963516d0-1d43-4952-82a5-67de560c4ef0,lead_add_form,welingak_website,False,0.0000,1186,0.0000,unemployed,unknown,14.0000,15.0000,1
af0169cd-29c7-4c25-b7eb-8acd22a234e9,landing_page_submission,google,False,5.0000,28,2.5000,unemployed,mumbai,11.0000,18.0000,0
df85d4d8-34f0-4aaf-b1ec-0bbd7f5cb59e,landing_page_submission,google,False,7.0000,214,7.0000,unknown,mumbai,14.0000,18.0000,0
17bb350a-00a5-4812-8bdd-9e82f22fab7a,landing_page_submission,google,False,10.0000,1521,2.5000,unemployed,thane_&_outskirts,14.0000,14.0000,0
1253283c-60bd-47a0-99a1-54e8bf31ac53,api,organic_search,False,5.0000,1418,5.0000,working_professional,unknown,14.0000,16.0000,1
3db9d1cc-ee83-4ba4-b73d-60056c6f40ad,landing_page_submission,direct_traffic,False,2.0000,1613,2.0000,working_professional,other_metro_cities,15.0000,18.0000,1
930ff3a2-aa35-4a4d-9f27-04423d302af4,api,referral_sites,False,8.0000,51,4.0000,unemployed,unknown,15.0000,13.0000,0
891e04ef-6ac2-4d6e-a308-f1d2517daee5,landing_page_submission,google,False,4.0000,950,4.0000,unemployed,mumbai,15.0000,18.0000,1
4269dc79-4abb-4347-9a0c-09b92fd6d258,landing_page_submission,google,False,5.0000,542,5.0000,unemployed,mumbai,15.0000,18.0000,1
01ca067f-a6a4-4ce3-9f88-df4898ea8288,api,direct_traffic,False,3.0000,492,3.0000,unemployed,unknown,15.0000,15.0000,1
2dd5d2a1-ca8f-4d5f-88eb-07ba9e954de2,api,google,False,3.0000,1293,3.0000,unemployed,unknown,14.0000,15.0000,0
a8f72fe3-7df5-4995-8784-88504c3df6e7,api,olark_chat,False,0.0000,0,0.0000,unknown,unknown,12.0000,15.0000,0
44ae4200-b63d-483a-b85b-41eb4bd4ae24,landing_page_submission,direct_traffic,True,10.0000,824,10.0000,unemployed,mumbai,17.0000,16.0000,0
47ebd3e1-e440-42e3-9459-481af2f6b1b4,landing_page_submission,organic_search,False,4.0000,1058,2.0000,unemployed,mumbai,14.0000,20.0000,1
59718980-d656-4415-baeb-c223ed6abe3a,api,organic_search,False,11.0000,1166,2.2000,unknown,unknown,0.0000,0.0000,0
31ae03c9-dbb6-4919-9938-8ab0b7f47ba9,landing_page_submission,direct_traffic,False,4.0000,1541,4.0000,working_professional,mumbai,15.0000,17.0000,1
fa36d090-868a-4199-979f-8984312f72a0,landing_page_submission,direct_traffic,False,3.0000,388,3.0000,unemployed,mumbai,11.0000,18.0000,0
309310a5-49a7-4fbe-bede-50658e705797,landing_page_submission,organic_search,False,6.0000,543,6.0000,unemployed,other_cities,13.0000,13.0000,0
57293d6d-49f6-4089-b6d1-f854b5d2b6e1,api,organic_search,False,11.0000,1700,11.0000,businessman,unknown,16.0000,12.0000,1
bce62a14-f2ba-4bc1-84b3-6d276fc6206b,landing_page_submission,pay_per_click_ads,False,3.0000,125,3.0000,unemployed,thane_&_outskirts,14.0000,17.0000,0
8215ed59-3dd2-480d-bda3-1851d9722d34,api,organic_search,False,2.0000,153,2.0000,unemployed,unknown,14.0000,15.0000,1
915cc24a-3e2d-4223-8855-641c814334d1,landing_page_submission,direct_traffic,False,2.0000,590,2.0000,unemployed,other_metro_cities,10.0000,16.0000,0
7a0ad8e1-f7e2-40c2-8fb0-c739ceffd448,landing_page_submission,direct_traffic,False,3.0000,1829,3.0000,unemployed,mumbai,14.0000,18.0000,0
53e64fef-c5c6-4d03-b07a-8ccde69a6218,api,referral_sites,False,2.0000,315,2.0000,unemployed,unknown,14.0000,13.0000,0
4be34033-2944-4cd7-ae88-30beb30fed6c,api,olark_chat,False,2.0000,1134,1.0000,student,mumbai,15.0000,16.0000,1
e4dd87f1-4643-4ec0-9a2a-8ace56740a0a,landing_page_submission,organic_search,False,8.0000,186,8.0000,unemployed,other_cities,10.0000,14.0000,0
cbdda29e-8c78-4387-8bac-df23ba6d191e,landing_page_submission,google,False,4.0000,1346,2.0000,unemployed,thane_&_outskirts,14.0000,16.0000,1
7b2932c6-bf52-42a7-b92a-1b684e6f80c6,landing_page_submission,google,True,5.0000,129,1.6700,unknown,other_cities,14.0000,16.0000,0
b746971e-1bbb-4516-ba8f-0cb75cd5207d,api,organic_search,False,5.0000,912,2.5000,unemployed,mumbai,13.0000,16.0000,1
84d6b32a-7f79-43d6-965c-cb74fd857bf1,api,organic_search,False,7.0000,1052,7.0000,unemployed,unknown,14.0000,13.0000,0
1f4da243-d1d4-4596-b070-98af25f3d2e9,api,organic_search,False,6.0000,1517,6.0000,unemployed,unknown,14.0000,15.0000,0
5173d78a-c78c-4aaa-91ee-4e2181337746,landing_page_submission,direct_traffic,False,3.0000,277,3.0000,unknown,thane_&_outskirts,14.0000,17.0000,0
2bd01dce-c0ca-4994-b024-ec462a444656,api,organic_search,False,3.0000,461,1.5000,unemployed,unknown,13.0000,15.0000,0
d1b54285-80f1-4feb-8947-14d03cdc2c56,landing_page_submission,google,False,3.0000,1995,3.0000,unemployed,other_cities_of_maharashtra,14.0000,14.0000,1
f1122dd7-f54c-48d3-bd5c-bad9b4516695,lead_add_form,reference,False,0.0000,0,0.0000,unemployed,thane_&_outskirts,14.0000,16.0000,1
7f3192d6-67d9-4659-a29d-f92a77538c71,landing_page_submission,organic_search,False,3.0000,183,3.0000,unemployed,mumbai,16.0000,18.0000,0
84537d75-3a28-4542-aff9-dd6e9c41ed20,api,organic_search,False,4.0000,1338,2.0000,unemployed,unknown,15.0000,15.0000,1
3df64c90-ddec-44ad-a7ff-18904211d67a,api,olark_chat,False,0.0000,0,0.0000,unemployed,unknown,13.0000,15.0000,0
fe6757d1-331a-4f99-b8f9-f301e1cc02cc,api,referral_sites,False,1.0000,815,1.0000,unknown,unknown,16.0000,13.0000,0
fb78dbb4-bade-4306-be6c-ee043e419090,landing_page_submission,direct_traffic,False,2.0000,162,2.0000,unemployed,other_cities,14.0000,16.0000,0
3f35d413-3d2d-4c89-bbd2-38be2bb37597,api,organic_search,False,5.0000,391,2.5000,unknown,unknown,15.0000,15.0000,0
ffc0dd6d-71f7-4e0f-a267-fecd916be3f7,api,referral_sites,False,3.0000,192,1.5000,unemployed,unknown,10.0000,13.0000,0
bd880c44-280e-4245-b171-d97a14504a27,api,google,False,4.0000,585,4.0000,unemployed,unknown,13.0000,15.0000,0
aeda2c58-41c4-4c0d-8f05-394040e3f690,api,olark_chat,False,0.0000,0,0.0000,unknown,unknown,17.0000,15.0000,0
9e05aecc-8893-410e-bfb0-98d79622cdfa,api,organic_search,False,5.0000,388,5.0000,unemployed,unknown,14.0000,14.0000,0
1627d1fe-f39b-4a29-ba9e-ab40ab643d05,lead_add_form,welingak_website,False,0.0000,1212,0.0000,unemployed,unknown,14.0000,15.0000,1
8b0aca17-e73f-4366-94a8-954cf560e42b,api,google,False,3.0000,837,3.0000,unemployed,unknown,15.0000,15.0000,1
bf33f6d5-3e1c-4a92-933e-ec07dee06a32,api,olark_chat,False,0.0000,0,0.0000,unknown,unknown,16.0000,15.0000,0
3c9ececf-6393-4002-adc0-032e4c6d37ed,api,google,False,10.0000,764,10.0000,working_professional,unknown,16.0000,16.0000,1
ff3f7363-3da2-4028-aa6d-f15f30be46b8,landing_page_submission,direct_traffic,False,5.0000,1,5.0000,unemployed,other_cities,13.0000,13.0000,0
57cd696f-f8ab-4281-a8ca-a2dc261d803e,landing_page_submission,organic_search,False,6.0000,1847,6.0000,unemployed,other_metro_cities,15.0000,14.0000,1
dc8e73e0-c435-4571-b795-1b476be86fd0,landing_page_submission,direct_traffic,False,3.0000,954,3.0000,unemployed,other_cities_of_maharashtra,14.0000,17.0000,1
925c1b9a-1cd7-4cbd-b5dd-7edb3253c68d,api,referral_sites,False,6.0000,968,3.0000,unknown,unknown,17.0000,13.0000,0
8e6dc9f4-ec3f-4c0f-a6f9-b7ff49a5fb9f,api,organic_search,False,2.0000,73,1.0000,unknown,unknown,12.0000,15.0000,0
b5a1d021-a2b8-4979-a7d0-f81cdf2b3d9d,api,olark_chat,False,0.0000,0,0.0000,unemployed,unknown,16.0000,15.0000,1
8a7bdd1b-01db-4d61-a4fd-caee29430d96,api,organic_search,False,1.0000,275,1.0000,unemployed,unknown,14.0000,14.0000,0
0d17fd16-850f-4550-836d-911cad5dcbc6,landing_page_submission,direct_traffic,False,4.0000,941,2.0000,unemployed,mumbai,15.0000,18.0000,1
9536829b-096d-4d4c-91a4-f6f769aea8bc,api,google,False,3.0000,326,3.0000,unknown,unknown,12.0000,15.0000,0
7183abef-3e97-4f51-8ccb-86412961f08e,landing_page_submission,google,False,4.0000,1758,4.0000,unemployed,mumbai,13.0000,18.0000,1
565022d7-9bfa-4dbf-a44b-ec0bfa2733b3,landing_page_submission,google,False,7.0000,152,3.5000,unemployed,mumbai,15.0000,18.0000,1
fc2ca3b9-755c-47cc-98f1-668d4ffce08f,api,referral_sites,False,11.0000,1863,5.5000,unemployed,unknown,16.0000,13.0000,1
3126fae7-18eb-41c9-96d9-f485806de032,landing_page_submission,organic_search,True,8.0000,1485,4.0000,unemployed,mumbai,15.0000,20.0000,1
37602d4e-4dea-4c37-a403-5025e62a7a72,api,google,False,2.0000,76,1.0000,unemployed,unknown,15.0000,15.0000,0
4594be86-3b2e-4b55-866b-5a4b05ffd0f6,landing_page_submission,direct_traffic,True,2.0000,190,2.0000,working_professional,mumbai,13.0000,18.0000,0
f0394a54-df8b-4c84-a39f-f13451eb4923,api,organic_search,False,4.0000,487,2.0000,unemployed,unknown,14.0000,15.0000,0
80be94a9-2897-4bcd-9c30-6a27e9b60ac3,lead_add_form,reference,False,0.0000,0,0.0000,unemployed,thane_&_outskirts,14.0000,19.0000,0
61f8df43-6e68-43bb-b9c7-12b3b78b880c,landing_page_submission,referral_sites,False,6.0000,1086,2.0000,unemployed,other_metro_cities,15.0000,15.0000,1
1ecd610a-492f-42cc-895f-5db08a5efcae,landing_page_submission,google,False,3.0000,328,3.0000,unemployed,thane_&_outskirts,15.0000,17.0000,0
dca2d16f-f678-4f62-b2af-f7bbdb64fad6,landing_page_submission,google,False,7.0000,1172,3.5000,unknown,mumbai,14.0000,18.0000,0
ce68ad09-cc22-4a59-bf1f-dafdb572d1af,landing_page_submission,direct_traffic,False,7.0000,219,2.3300,unemployed,other_cities,14.0000,16.0000,0
85e1022c-528e-4922-a2f6-080753a64fd6,landing_page_submission,direct_traffic,False,8.0000,220,4.0000,working_professional,mumbai,12.0000,18.0000,0
4765201f-2aca-4082-a7f1-0f5f59478987,api,referral_sites,False,5.0000,865,1.6700,unemployed,mumbai,16.0000,15.0000,1
ec4d41ab-a057-468a-be42-d2ac4cdee483,api,google,False,9.0000,833,9.0000,unemployed,unknown,16.0000,15.0000,1
d7fe8334-2cc6-4263-957d-f657d30b9f59,api,google,False,3.0000,970,3.0000,unemployed,unknown,15.0000,16.0000,1
33bfc01d-6467-4336-b2b9-943faa30b866,landing_page_submission,direct_traffic,False,15.0000,317,5.0000,unemployed,mumbai,15.0000,18.0000,0
ca85f037-250b-40e4-bd0d-fab5a335495f,landing_page_submission,direct_traffic,False,2.0000,215,2.0000,unemployed,mumbai,14.0000,18.0000,0
dee6568d-c998-4fca-a79d-09fd7a29b799,api,referral_sites,False,4.0000,947,2.0000,unemployed,unknown,15.0000,13.0000,1
024257f9-1c88-4e5b-b02d-32bbbb9fedb5,api,google,False,7.0000,1212,3.5000,working_professional,unknown,15.0000,16.0000,1
eca1b512-8536-49b8-9043-f1c41a92a861,api,google,False,2.0000,235,2.0000,unemployed,unknown,15.0000,16.0000,1
a18ad897-30c6-4b39-8d47-d5d65d001139,api,olark_chat,False,0.0000,0,0.0000,unknown,unknown,17.0000,15.0000,0
40b63abb-1471-4f2c-87f0-ff9ece75f7c0,api,olark_chat,False,0.0000,0,0.0000,unknown,unknown,17.0000,15.0000,0
baaa0f5a-e5f7-407c-b8a7-1ac69aa384a9,landing_page_submission,google,False,7.0000,1665,3.5000,unemployed,mumbai,14.0000,20.0000,1
28ebc68b-83f7-4fb7-a874-1a2a7c84cde0,api,referral_sites,False,4.0000,145,4.0000,unemployed,unknown,14.0000,13.0000,0
d36f6554-42d7-4e78-9200-816643a9c543,landing_page_submission,direct_traffic,False,6.0000,1377,6.0000,unemployed,mumbai,16.0000,18.0000,1
a973c595-96d2-4963-a20e-e025da18a4cf,api,google,False,5.0000,470,5.0000,unemployed,unknown,13.0000,15.0000,0
a25b920f-1801-4384-a8ad-429730bfcdd1,api,google,False,2.0000,14,2.0000,unemployed,unknown,14.0000,15.0000,0
c92f7ee5-c9df-4d52-b49f-5517f27440b0,landing_page_submission,direct_traffic,False,1.0000,315,1.0000,unemployed,mumbai,15.0000,15.0000,1
4f10d048-dd5f-4563-9b41-21c8f645e77c,api,google,False,4.0000,92,4.0000,unemployed,unknown,13.0000,15.0000,0
810ab69c-424e-444f-8961-bfc835b9984a,api,direct_traffic,False,9.0000,100,4.5000,unemployed,unknown,14.0000,14.0000,0
390aab7c-32d3-49b4-b9d2-bc76cb907d52,api,organic_search,False,7.0000,14,3.5000,unemployed,unknown,13.0000,15.0000,0
e77c6cb5-147a-4a04-b633-9ea56e6cd148,api,referral_sites,False,2.0000,417,2.0000,unemployed,unknown,14.0000,13.0000,0
5020235d-bbd4-4566-b54c-73210c8384df,landing_page_submission,google,False,4.0000,14,4.0000,unknown,mumbai,14.0000,18.0000,0
0adb324b-c2a3-4880-a928-6e1589914ab4,landing_page_submission,google,False,7.0000,1541,3.5000,unknown,other_cities_of_maharashtra,14.0000,17.0000,0
e3a66468-b621-40d1-83a1-d69a89c0b52f,api,olark_chat,False,0.0000,0,0.0000,unknown,unknown,17.0000,15.0000,0
e649f965-2244-4973-8d3f-7d07b4d38483,api,olark_chat,False,0.0000,0,0.0000,unemployed,unknown,15.0000,15.0000,1
48c8dc0d-06e7-4e09-b86d-9dc591bd625a,api,google,True,1.0000,233,1.0000,unemployed,unknown,13.0000,14.0000,0
6957921a-0d65-4d27-9366-715c00e65db2,landing_page_submission,direct_traffic,False,2.0000,321,2.0000,unemployed,mumbai,15.0000,20.0000,1
493f3d95-6e75-4b42-861d-44e77f57f698,lead_add_form,welingak_website,False,0.0000,0,0.0000,unemployed,unknown,14.0000,15.0000,1
4a2f8610-dbb7-4ff5-a5aa-5772f8f38932,landing_page_submission,organic_search,False,4.0000,61,4.0000,unemployed,unknown,14.0000,17.0000,0
b7a48b8c-dcf4-48d8-a301-b575e4431b8c,landing_page_submission,google,False,5.0000,814,5.0000,unemployed,other_cities_of_maharashtra,15.0000,17.0000,1
6faa6e95-6dbc-49dd-8e56-09ca83a931ca,api,google,False,8.0000,1585,4.0000,unemployed,unknown,13.0000,15.0000,0
7ef6843d-ae2e-416e-878b-95d4cae0c25d,landing_page_submission,google,False,2.0000,1089,2.0000,unemployed,thane_&_outskirts,14.0000,19.0000,1
a71729bb-0250-4fa4-af36-182a23a699b2,api,google,False,4.0000,1394,4.0000,unemployed,unknown,15.0000,16.0000,1
d399b62e-3799-4aa6-ab80-cd33a70f5323,landing_page_submission,google,False,3.0000,1451,3.0000,unemployed,mumbai,14.0000,18.0000,1
b8432324-ce6b-4b4f-b21d-8a2d4a3cca88,api,google,False,2.0000,1137,2.0000,unemployed,unknown,11.0000,15.0000,1
8a77bc3f-65e9-494f-8141-d475eca13766,api,referral_sites,False,5.0000,320,5.0000,unemployed,unknown,14.0000,13.0000,0
206c600d-3795-4a51-8a92-5d4babe86d0e,landing_page_submission,google,False,3.0000,1134,3.0000,unemployed,mumbai,15.0000,15.0000,1
41f289c3-1b1c-4a15-a1fa-cc94b60ad65a,api,olark_chat,False,0.0000,0,0.0000,unemployed,unknown,15.0000,15.0000,1
83e94cd3-33c8-4517-b2c9-a0c2c90241b2,api,olark_chat,True,0.0000,0,0.0000,unemployed,unknown,13.0000,15.0000,0
6a02edb6-bda2-40ea-9b9d-b401608ca07e,api,olark_chat,False,0.0000,0,0.0000,unknown,unknown,17.0000,15.0000,0
173fdb7e-e17d-4515-a5c9-0ec7625902b9,api,organic_search,False,3.0000,50,3.0000,unemployed,unknown,13.0000,15.0000,0
0b8fab92-e69e-485f-b570-56faba2cddec,api,olark_chat,False,0.0000,0,0.0000,unemployed,unknown,16.0000,15.0000,1
79f2ea30-8b4b-4d92-b3d9-a99b2efb7fa3,lead_add_form,reference,False,0.0000,0,0.0000,unemployed,unknown,15.0000,17.0000,1
ff4626d3-d81f-4230-89de-5c9aafb65e20,api,google,False,6.0000,692,2.0000,unknown,mumbai,14.0000,16.0000,0
cb9736f3-88e2-4dab-9ed5-f38461b5a29a,api,google,False,2.0000,26,1.0000,unemployed,unknown,14.0000,15.0000,1
ccadc471-4e1c-455d-b1e1-c735130f7aa4,api,organic_search,False,4.0000,133,4.0000,unknown,unknown,13.0000,15.0000,0
3328c9e8-5161-4d47-9258-ea1db0bc1e7a,api,referral_sites,True,7.0000,876,3.5000,unemployed,unknown,13.0000,13.0000,0
f70306c2-ad37-4c22-89c6-7209d730887b,landing_page_submission,direct_traffic,False,6.0000,263,6.0000,student,mumbai,17.0000,18.0000,0
d27b70bd-22c4-4509-b06e-f52c77993336,api,olark_chat,False,0.0000,0,0.0000,unemployed,thane_&_outskirts,15.0000,16.0000,1
eac5d9e5-b7aa-4601-9bcd-f26050eddcf6,landing_page_submission,direct_traffic,False,3.0000,1826,3.0000,unemployed,unknown,15.0000,17.0000,1
f610eaaa-a479-48f0-a6b8-16cb53e74fc1,api,direct_traffic,False,10.0000,21,3.3300,unknown,unknown,14.0000,15.0000,0
61314214-b313-40ff-b95e-ae5a7d079d3a,landing_page_submission,organic_search,False,5.0000,957,5.0000,working_professional,other_cities,15.0000,16.0000,1
81386b08-6d8f-4573-9bf5-384eac941713,api,olark_chat,False,0.0000,0,0.0000,unemployed,thane_&_outskirts,16.0000,17.0000,1
a22b2d9b-154c-419d-ac30-07acb4d656b2,api,olark_chat,False,0.0000,0,0.0000,unknown,unknown,17.0000,15.0000,0
50b65bfe-d64f-41d2-bf9a-fe1442f15f60,api,direct_traffic,True,4.0000,160,2.0000,unknown,unknown,15.0000,15.0000,0
3309d790-af02-4246-aa32-d5a43bed3e9d,landing_page_submission,direct_traffic,False,6.0000,1026,6.0000,unemployed,thane_&_outskirts,13.0000,14.0000,0
7d7e76fe-e2b7-4084-867e-ac99287f5fa6,landing_page_submission,google,False,4.0000,776,4.0000,unemployed,mumbai,15.0000,20.0000,1
18d01624-b646-4e0b-b06e-963bfae60776,landing_page_submission,google,False,2.0000,121,2.0000,unemployed,thane_&_outskirts,14.0000,17.0000,0
7d3358fc-f64f-4aab-b5fc-36f5af83749a,landing_page_submission,direct_traffic,False,2.0000,330,2.0000,unemployed,other_cities_of_maharashtra,13.0000,17.0000,1
a2960860-76de-43b7-952f-c5f9cc705f37,api,referral_sites,False,6.0000,462,6.0000,unemployed,unknown,12.0000,13.0000,0
87cc69e8-21fd-4e4e-9fa7-aaa5ac22771a,landing_page_submission,google,False,4.0000,634,4.0000,working_professional,other_cities,14.0000,16.0000,1
d7f88f61-238a-4c48-82aa-7ab92f7bcdd8,landing_page_submission,google,False,2.0000,153,2.0000,working_professional,other_cities,14.0000,18.0000,0
18678c43-29f7-4876-b618-5e4ab7cadf5b,api,direct_traffic,False,3.0000,129,3.0000,unemployed,mumbai,13.0000,16.0000,0
c849b45f-5434-442c-85f4-43e7797e4557,api,direct_traffic,False,1.0000,126,1.0000,unemployed,unknown,14.0000,15.0000,0
f5ce8122-75ca-4e53-87af-19d2ea2d30d3,landing_page_submission,direct_traffic,False,2.0000,1502,2.0000,unemployed,mumbai,16.0000,18.0000,0
a27a3770-6585-41e2-b7d8-f07a6740fb85,api,organic_search,False,1.0000,225,1.0000,unknown,unknown,11.0000,15.0000,0
62439620-cc17-4742-b3db-293348c36872,api,google,False,2.0000,1366,2.0000,unemployed,unknown,14.0000,15.0000,0
a7de9d7d-762f-4db5-918c-15cc3777dcad,landing_page_submission,organic_search,False,3.0000,866,3.0000,unemployed,other_cities_of_maharashtra,11.0000,17.0000,0
0b1e7c2d-58de-47ad-92a3-5a86b981c759,api,olark_chat,False,0.0000,0,0.0000,unknown,unknown,17.0000,15.0000,0
e4642442-a260-4a2f-921f-fdbc8f1e34a6,landing_page_submission,direct_traffic,False,4.0000,1371,4.0000,unemployed,other_metro_cities,14.0000,16.0000,0
54d8b3a3-d847-4888-9a9e-39720a56a775,api,referral_sites,False,4.0000,1521,4.0000,unemployed,unknown,14.0000,13.0000,1
8b6918d7-20da-49f3-bd4e-91b67fb09a4a,landing_page_submission,referral_sites,False,4.0000,1653,2.0000,unemployed,mumbai,14.0000,18.0000,1
0647d7e7-0be0-43b6-9dbd-0c10701a0d66,api,olark_chat,False,0.0000,0,0.0000,unknown,unknown,17.0000,15.0000,0
70377fdd-7ff3-4750-aa3a-21958dfa13ca,api,olark_chat,False,0.0000,0,0.0000,working_professional,unknown,16.0000,16.0000,1
9470a0d0-582c-4ab0-91c2-740524a3dc1a,landing_page_submission,google,False,5.0000,1362,5.0000,unemployed,thane_&_outskirts,13.0000,17.0000,0
10cb3d96-e05d-4f44-82df-5b81f2b7b0ff,api,olark_chat,False,0.0000,0,0.0000,unknown,unknown,17.0000,15.0000,0
9158228d-48a7-4381-9cac-9d0721c43aac,landing_page_submission,google,False,2.0000,539,2.0000,unemployed,mumbai,13.0000,18.0000,0
8ec3cc63-f417-48cb-96c3-bf64e08bf969,landing_page_submission,google,False,3.0000,359,3.0000,unknown,mumbai,14.0000,18.0000,0
315f78bd-019a-4d1f-be0a-8f0dcbddcd53,landing_page_submission,google,False,4.0000,75,4.0000,unemployed,thane_&_outskirts,13.0000,17.0000,0
6cb04035-c393-43e8-8392-ac347bf56b93,api,referral_sites,False,2.0000,848,2.0000,unemployed,unknown,14.0000,15.0000,1
dc60bd9e-70a2-4dae-b764-3602bae89a7b,lead_add_form,reference,False,0.0000,158,0.0000,working_professional,mumbai,14.0000,20.0000,1
c39d2a4d-1b0a-480b-b589-2ff930923d3b,api,olark_chat,False,0.0000,0,0.0000,unknown,unknown,17.0000,15.0000,0
aa9b208a-31f7-456f-8968-beee2b2ab2c7,landing_page_submission,organic_search,False,4.0000,35,2.0000,unemployed,thane_&_outskirts,12.0000,17.0000,0
0a96b73b-7b51-48da-857c-d25d40560803,landing_page_submission,direct_traffic,False,2.0000,1744,2.0000,unemployed,mumbai,15.0000,17.0000,1
281ff4ad-d7a7-4abf-ba7e-29e5c63cea4d,landing_page_submission,google,False,5.0000,1417,5.0000,unemployed,thane_&_outskirts,14.0000,17.0000,1
5551d1a0-25b4-4ce6-98c3-838dd46ecb1d,landing_page_submission,google,False,2.0000,277,2.0000,unemployed,mumbai,13.0000,15.0000,0
6fd5bf5c-e818-403c-96a2-07b641c8810b,landing_page_submission,google,False,7.0000,148,3.5000,unknown,other_cities,13.0000,13.0000,0
364ce559-e55f-4c6b-8782-146ba1c8d21f,landing_page_submission,google,False,2.0000,588,2.0000,unemployed,mumbai,15.0000,20.0000,1
dc0d3eef-e514-43b7-8564-9af0a0c40f5e,api,google,False,1.0000,803,1.0000,unknown,unknown,16.0000,15.0000,0
39bc3e38-43a8-4cda-939c-d4313ee000a9,api,olark_chat,False,0.0000,0,0.0000,unknown,unknown,17.0000,15.0000,0
a5aaa6de-4b64-4c18-85f8-41fe135da139,api,google,False,1.0000,20,1.0000,unknown,unknown,11.0000,15.0000,0
8e00d156-a96e-4861-aa15-ed6b248e8235,lead_add_form,reference,False,0.0000,0,0.0000,unemployed,unknown,15.0000,17.0000,1
1e330b62-4aa7-4f11-9f6c-c741d650aa67,landing_page_submission,organic_search,False,6.0000,562,6.0000,unemployed,mumbai,14.0000,18.0000,0
b8e0e632-8791-41dd-bb0f-cd40de7e7f57,landing_page_submission,direct_traffic,False,2.0000,1995,2.0000,unemployed,thane_&_outskirts,11.0000,17.0000,0
653afed3-5c0a-4237-ab68-35d7ff21bee9,api,google,False,2.0000,343,2.0000,unemployed,unknown,14.0000,15.0000,0
3b898236-9ec7-4558-8755-5e16b7e51f26,landing_page_submission,google,False,6.0000,240,6.0000,unknown,mumbai,14.0000,18.0000,0
06b0873b-e674-4998-a08e-ea548f6ccc30,api,direct_traffic,True,20.0000,808,2.8600,unemployed,other_cities,15.0000,14.0000,0
9f9fed8b-b08b-4fcb-9530-73e59f948eb1,landing_page_submission,google,False,6.0000,1712,6.0000,unemployed,other_cities,15.0000,15.0000,1
c7748892-cd82-4023-810f-f00ba97154ad,landing_page_submission,google,False,3.0000,174,3.0000,unemployed,other_cities_of_maharashtra,13.0000,17.0000,0
94448d21-2d18-4e77-98a6-8e817b82362d,landing_page_submission,google,False,5.0000,343,2.5000,unknown,other_metro_cities,14.0000,16.0000,0
4db18c08-8657-469f-9feb-28c0532b2e86,api,olark_chat,False,0.0000,0,0.0000,unknown,unknown,17.0000,15.0000,0
071af448-2c3c-4eb8-8227-81d61838a516,api,olark_chat,False,0.0000,0,0.0000,unknown,unknown,17.0000,15.0000,0
2d9b533d-045b-4d3e-82d3-9f04ae83d07b,api,referral_sites,False,4.0000,1412,4.0000,unknown,unknown,15.0000,13.0000,0
6598764d-e6cc-464a-8d64-802087eda236,landing_page_submission,google,False,3.0000,68,3.0000,unemployed,mumbai,15.0000,18.0000,0
498b9fe5-4e52-11e6-96be-22000aa8e760,lead_import,facebook,False,0.0000,93,0.0000,unknown,mumbai,14.0000,15.0000,0
498ba39a-4e52-11e6-96be-22000aa8e760,lead_import,facebook,False,0.0000,270,0.0000,unknown,other_cities_of_maharashtra,14.0000,14.0000,0
498ba67b-4e52-11e6-96be-22000aa8e760,lead_import,facebook,False,0.0000,0,0.0000,unknown,mumbai,14.0000,15.0000,0
498ba7d0-4e52-11e6-96be-22000aa8e760,lead_import,facebook,False,0.0000,214,0.0000,unknown,mumbai,14.0000,15.0000,0
498ba87c-4e52-11e6-96be-22000aa8e760,lead_import,facebook,False,0.0000,342,0.0000,unknown,mumbai,14.0000,15.0000,0
498ba907-4e52-11e6-96be-22000aa8e760,lead_import,facebook,False,0.0000,0,0.0000,unknown,other_cities_of_maharashtra,14.0000,14.0000,0
498ba960-4e52-11e6-96be-22000aa8e760,lead_import,facebook,False,0.0000,0,0.0000,unemployed,other_cities,15.0000,13.0000,1
498ba9b2-4e52-11e6-96be-22000aa8e760,lead_import,facebook,False,0.0000,1454,0.0000,unknown,other_metro_cities,14.0000,13.0000,0
498baa0a-4e52-11e6-96be-22000aa8e760,lead_import,facebook,False,0.0000,256,0.0000,unknown,other_cities_of_maharashtra,14.0000,14.0000,0
498baa59-4e52-11e6-96be-22000aa8e760,lead_import,facebook,False,0.0000,0,0.0000,unemployed,other_cities,14.0000,13.0000,1
498bab60-4e52-11e6-96be-22000aa8e760,lead_import,facebook,False,0.0000,0,0.0000,unemployed,other_cities_of_maharashtra,14.0000,14.0000,0
498baf18-4e52-11e6-96be-22000aa8e760,lead_import,facebook,False,0.0000,0,0.0000,unknown,other_cities_of_maharashtra,14.0000,14.0000,0
498bb174-4e52-11e6-96be-22000aa8e760,lead_import,facebook,False,0.0000,0,0.0000,unemployed,other_cities_of_maharashtra,13.0000,14.0000,0
498bb1e1-4e52-11e6-96be-22000aa8e760,lead_import,facebook,False,0.0000,238,0.0000,unemployed,other_cities_of_maharashtra,13.0000,14.0000,0
498bb28a-4e52-11e6-96be-22000aa8e760,lead_import,facebook,False,0.0000,300,0.0000,unemployed,other_cities,13.0000,13.0000,0
498bb443-4e52-11e6-96be-22000aa8e760,lead_import,facebook,False,0.0000,0,0.0000,unemployed,other_cities_of_maharashtra,14.0000,14.0000,0
498bb7dd-4e52-11e6-96be-22000aa8e760,lead_import,facebook,False,0.0000,1542,0.0000,unemployed,other_cities_of_maharashtra,14.0000,15.0000,1
498bbf7f-4e52-11e6-96be-22000aa8e760,lead_import,facebook,False,0.0000,0,0.0000,unemployed,mumbai,13.0000,15.0000,0
498bbff6-4e52-11e6-96be-22000aa8e760,lead_import,facebook,False,0.0000,0,0.0000,working_professional,other_cities_of_maharashtra,14.0000,15.0000,1
498bc0da-4e52-11e6-96be-22000aa8e760,lead_import,facebook,False,0.0000,0,0.0000,unemployed,other_cities_of_maharashtra,14.0000,14.0000,0
498bc13b-4e52-11e6-96be-22000aa8e760,lead_import,facebook,True,0.0000,574,0.0000,unemployed,mumbai,13.0000,15.0000,0
498bc27c-4e52-11e6-96be-22000aa8e760,lead_import,facebook,False,0.0000,0,0.0000,unemployed,mumbai,13.0000,15.0000,0
498bc453-4e52-11e6-96be-22000aa8e760,lead_import,facebook,False,0.0000,1724,0.0000,unemployed,other_cities_of_maharashtra,13.0000,14.0000,0
774546d3-bfb2-483d-92aa-22c8f702d023,landing_page_submission,direct_traffic,False,3.0000,1118,3.0000,unknown,mumbai,13.0000,16.0000,1
bd4c9c02-93ea-400b-a8ea-40ce1ae764f4,api,olark_chat,False,0.0000,0,0.0000,unknown,unknown,17.0000,15.0000,0
f2b9ea56-11d7-4c82-b781-bdddd2375cf7,landing_page_submission,direct_traffic,False,1.0000,166,1.0000,unemployed,mumbai,15.0000,17.0000,1
8464d269-35e8-4340-aa08-c7e978fbd243,landing_page_submission,direct_traffic,False,2.0000,253,2.0000,unknown,other_metro_cities,13.0000,16.0000,0
bdb3f06b-f6b0-4598-ba66-bdeab199fbba,api,google,False,2.0000,1014,1.0000,unemployed,unknown,16.0000,15.0000,1
1ec43f39-c087-450a-9f9b-fb5a31f2bf2d,api,google,False,2.0000,43,1.0000,unemployed,unknown,15.0000,15.0000,1
85d67be7-172b-4ed6-9ff5-edfd7e2cd052,landing_page_submission,google,False,5.0000,1176,5.0000,unemployed,mumbai,10.0000,18.0000,0
3f30a5d8-fd10-4b47-914b-78c9ad1825e4,api,olark_chat,False,0.0000,0,0.0000,unknown,unknown,17.0000,15.0000,0
c181a0c0-2cdc-4ca6-b372-110c65de3af3,landing_page_submission,google,False,7.0000,247,3.5000,unknown,mumbai,13.0000,18.0000,0
13329228-3032-4ada-a82a-0fd10cefd655,landing_page_submission,google,False,4.0000,48,2.0000,unknown,mumbai,14.0000,18.0000,0
ab7de34e-6ae7-4fb1-9eac-8a1cf7f1adcf,api,olark_chat,True,0.0000,0,0.0000,unemployed,unknown,14.0000,15.0000,0
285f9545-20a4-4da5-a3f5-bbd503b079fd,api,referral_sites,False,7.0000,1001,7.0000,working_professional,unknown,15.0000,13.0000,1
12a98653-d85c-4b90-bacc-791ffc7fdcb7,api,google,False,2.0000,682,2.0000,unemployed,unknown,15.0000,15.0000,1
b05ca8ab-3b89-44e5-8488-e910093b977a,api,google,False,4.0000,161,1.0000,unknown,unknown,15.0000,15.0000,0
424e4ffd-efc9-4dc8-8cd2-5cf3b3e56223,landing_page_submission,direct_traffic,False,43.0000,57,3.9100,unemployed,thane_&_outskirts,11.0000,17.0000,0
b2f03c61-ca4d-40d1-adbf-596e1c6073f8,landing_page_submission,direct_traffic,False,10.0000,124,5.0000,unemployed,other_cities,13.0000,16.0000,0
6ec193f5-b88f-4626-bc9b-8e59538a1634,api,olark_chat,False,0.0000,0,0.0000,unemployed,unknown,16.0000,15.0000,1
2246dd59-d13d-4705-824c-66c9d8a2c792,api,referral_sites,True,3.0000,1198,1.5000,unknown,unknown,13.0000,13.0000,0
b3f49cb1-e71b-4e1e-9a76-24056a848315,landing_page_submission,google,False,7.0000,1387,1.4000,unemployed,thane_&_outskirts,15.0000,17.0000,1
64f14856-8793-41d8-b40a-654b313f9dff,api,google,False,3.0000,1804,3.0000,unemployed,unknown,15.0000,15.0000,1
1a0ce29b-6636-4738-929a-1ad877363060,api,olark_chat,False,0.0000,0,0.0000,unemployed,unknown,15.0000,15.0000,1
879dfcdc-a2d2-43a9-866b-aa2ef78e3fa7,api,olark_chat,False,0.0000,0,0.0000,unemployed,unknown,15.0000,15.0000,1
9ba83c4b-2937-42eb-968c-86131da2ffc2,landing_page_submission,direct_traffic,True,2.0000,153,2.0000,unknown,other_metro_cities,13.0000,14.0000,0
53dbb914-71e7-458a-9749-cfb4d655eac2,api,referral_sites,False,2.0000,384,2.0000,unknown,unknown,14.0000,13.0000,0
534f474c-5743-4378-b672-10eafb7003fc,landing_page_submission,direct_traffic,False,4.0000,1267,4.0000,unemployed,other_cities,16.0000,16.0000,1
73ac6d51-9661-4db7-9407-f42423f0c72f,landing_page_submission,direct_traffic,False,5.0000,1546,5.0000,unemployed,other_cities,14.0000,16.0000,1
4fe36d6a-8347-4dfa-bd43-127311e328c7,api,referral_sites,False,2.0000,491,2.0000,unknown,unknown,13.0000,13.0000,0
4a0c5b19-f07e-4e4f-84ca-ce00f922bd88,api,google,False,5.0000,79,2.5000,unemployed,unknown,14.0000,15.0000,1
55d396f5-1384-4b1f-9139-960cc36cd28c,api,olark_chat,False,0.0000,0,0.0000,unemployed,unknown,15.0000,15.0000,1
f4ed584c-828a-4b8d-b998-67dc82af4a97,api,organic_search,False,4.0000,287,4.0000,unemployed,unknown,14.0000,15.0000,0
8d8256bb-ce5d-46c9-9848-002edb4500fa,api,olark_chat,False,0.0000,0,0.0000,unknown,unknown,17.0000,15.0000,0
2a0caa09-ff85-47c6-b4dd-b240986b01c7,landing_page_submission,direct_traffic,False,1.0000,353,1.0000,unemployed,mumbai,16.0000,18.0000,0
71335ed6-fa55-44dd-91eb-8caa82fda04a,api,google,False,2.0000,371,2.0000,unemployed,unknown,16.0000,15.0000,1
c57cf0c1-bed3-43f8-a9cb-dd9d8b155850,api,organic_search,False,5.0000,274,5.0000,unemployed,unknown,12.0000,15.0000,0
6775174e-d36f-411f-a634-4378e4281854,landing_page_submission,direct_traffic,True,3.0000,257,1.5000,student,other_metro_cities,14.0000,17.0000,1
a26259e7-51e3-4b47-a5fb-6de61951bb64,landing_page_submission,direct_traffic,False,6.0000,50,6.0000,unknown,mumbai,13.0000,15.0000,0
30cc0f42-daec-4c13-ad4b-ffb511687da3,landing_page_submission,direct_traffic,False,2.0000,989,2.0000,unknown,mumbai,16.0000,18.0000,0
cb6f9128-d9a5-4fa5-9e08-0df8e482c7d6,api,olark_chat,False,0.0000,0,0.0000,unemployed,unknown,15.0000,14.0000,0
cc7c1a7c-f0f1-460f-908f-623bae5c0590,landing_page_submission,google,False,6.0000,543,6.0000,unknown,mumbai,16.0000,18.0000,1
a178c356-53a5-47a4-ae6d-dd9c53bba839,landing_page_submission,organic_search,False,3.0000,658,3.0000,unemployed,other_cities,15.0000,14.0000,0
871f12e4-5e0e-4f4a-bdde-32e1eca32657,landing_page_submission,organic_search,False,4.0000,1558,4.0000,unemployed,other_metro_cities,14.0000,17.0000,1
9cc9ce8b-5b5b-4071-ab14-c702d208cef2,api,organic_search,True,5.0000,368,5.0000,unknown,unknown,14.0000,15.0000,0
109e8c51-09a2-4af0-8542-b80098a632c3,api,referral_sites,False,10.0000,325,3.3300,unemployed,mumbai,15.0000,16.0000,1
ef25284e-812e-48c1-9c53-829ea05c3a90,landing_page_submission,google,False,5.0000,1492,5.0000,unemployed,unknown,14.0000,17.0000,1
92cf83a0-8ec8-43d1-8893-f940aab4eb3f,landing_page_submission,google,False,4.0000,1621,4.0000,unemployed,tier_ii_cities,15.0000,17.0000,1
82e78164-82ee-422a-a117-c00f495209f1,api,organic_search,False,5.0000,199,5.0000,unemployed,mumbai,12.0000,17.0000,0
ddf860db-ad5b-4f23-b324-35f9818d3cbf,landing_page_submission,organic_search,False,5.0000,190,5.0000,unemployed,mumbai,13.0000,18.0000,0
6c68b627-287f-4558-a300-030811c99e5e,landing_page_submission,direct_traffic,False,3.0000,1368,3.0000,unemployed,other_cities,15.0000,18.0000,1
6b74c48f-78de-48be-b5f4-5304880b2877,landing_page_submission,organic_search,True,2.0000,387,2.0000,unemployed,mumbai,15.0000,18.0000,0
d3ac3309-008b-41fe-8eb5-4efee4f7007b,landing_page_submission,direct_traffic,False,2.0000,277,2.0000,unemployed,mumbai,14.0000,15.0000,1
1bb09094-386f-49ac-ae86-ccf5fa89eaf8,landing_page_submission,organic_search,False,4.0000,423,4.0000,unemployed,other_cities,15.0000,14.0000,0
b8032ffc-6a6b-48cc-a156-c70666b496d6,landing_page_submission,direct_traffic,False,3.0000,1095,3.0000,unemployed,other_metro_cities,13.0000,16.0000,0
fcd636dc-58b7-4110-85a2-2bd923d3696c,landing_page_submission,direct_traffic,False,1.0000,239,1.0000,unemployed,thane_&_outskirts,14.0000,14.0000,0
28080408-51de-4af7-9393-ac59b1a67494,landing_page_submission,referral_sites,False,9.0000,1524,9.0000,unemployed,mumbai,14.0000,17.0000,1
